timestamp,id,side,price,quantity
00:34:47.062570,1,SELL,13.04,30
00:34:47.062570,2,SELL,13.04,5
00:34:47.062570,3,BUY,13.04,105
00:34:47.062570,4,BUY,13.04,76
00:34:47.062570,5,BUY,13.04,76
00:34:47.062570,6,BUY,13.04,343
00:34:47.062570,7,BUY,13.04,449
00:34:47.062570,8,BUY,13.04,29
00:34:47.062570,9,BUY,13.04,169
00:34:47.062570,10,BUY,13.04,122
00:34:47.062570,11,BUY,13.04,149
00:34:47.062570,12,BUY,13.04,182
00:34:47.062570,13,BUY,13.04,54
00:34:47.062570,14,BUY,13.04,166
00:34:47.062570,15,BUY,13.04,10
00:34:47.062570,16,BUY,13.04,32
00:34:47.062570,17,BUY,13.04,4
00:34:47.062570,18,BUY,13.04,54
00:34:47.062570,19,BUY,13.04,246
00:34:47.062570,20,BUY,13.04,250
00:34:47.062570,21,BUY,13.04,100
00:34:47.062570,22,BUY,13.04,154
00:34:47.062570,23,BUY,13.04,71
00:34:47.062570,24,BUY,13.04,254
00:34:47.062570,25,BUY,13.04,1080
00:34:47.062570,26,BUY,13.04,158
00:35:09.353570,27,BUY,13.04,242
00:35:09.353570,28,BUY,13.04,1026
00:36:17.300570,29,SELL,13.04,500
00:37:18.789570,30,BUY,13.05,100
00:37:18.789570,31,BUY,13.05,68
00:37:18.789570,32,BUY,13.05,632
00:37:18.789570,33,BUY,13.05,1368
00:37:46.940570,34,BUY,13.08,1086
00:37:47.861570,35,BUY,13.08,543
00:38:18.571570,36,BUY,13.08,371
00:38:18.571570,37,BUY,13.08,172
00:38:38.987570,38,BUY,13.08,40
00:40:08.269570,39,BUY,13.08,566
00:40:08.311570,40,BUY,13.08,222
00:40:08.311570,41,BUY,13.08,286
00:40:08.311570,42,BUY,13.08,475
00:40:24.611570,43,SELL,13.07,2200
00:40:24.611570,44,SELL,13.07,1208
00:40:42.542570,45,SELL,13.06,1087
00:40:42.542570,46,SELL,13.06,87
00:40:42.558570,47,SELL,13.06,900
00:40:42.583570,48,BUY,13.08,1177
00:40:42.599570,49,SELL,13.06,392
00:40:42.599570,50,SELL,13.06,600
00:40:42.599570,51,SELL,13.06,543
00:40:42.599570,52,SELL,13.06,23
00:40:42.599570,53,SELL,13.06,43
00:40:42.599570,54,SELL,13.06,566
00:40:42.600570,55,SELL,13.05,1000
00:40:42.600570,56,SELL,13.03,64
00:40:42.628570,57,BUY,13.08,1100
00:40:42.667570,58,BUY,13.06,727
00:40:44.753570,59,BUY,13.06,60
00:40:57.823570,60,BUY,13.06,213
00:40:57.823570,61,BUY,13.06,1101
00:40:57.823570,62,BUY,13.08,1467
00:40:57.823570,63,BUY,13.08,300
00:41:15.709570,64,BUY,13.09,69
00:41:15.709570,65,BUY,13.09,160
00:42:03.431570,66,BUY,13.09,1840
00:42:03.431570,67,BUY,13.09,2175
00:42:03.431570,68,BUY,13.09,122
00:42:03.431570,69,BUY,13.09,100
00:42:03.431570,70,BUY,13.09,763
00:43:35.141570,71,SELL,13.06,374
00:43:35.201570,72,SELL,13.06,126
00:43:35.201570,73,SELL,13.06,742
00:43:40.218570,74,BUY,13.08,100
00:43:40.218570,75,BUY,13.08,100
00:45:03.228570,76,SELL,13.07,393
00:45:11.403570,77,SELL,13.07,255
00:46:31.170570,78,SELL,13.03,1000
00:46:31.170570,79,SELL,13.02,2000
00:46:31.170570,80,SELL,13.02,566
00:46:31.170570,81,SELL,13.01,712
00:46:31.218570,82,BUY,13.03,1000
00:46:31.230570,83,SELL,13.01,288
00:46:31.230570,84,SELL,13.01,476
00:46:37.597570,85,BUY,13.03,1629
00:48:13.067570,86,SELL,13.01,1000
00:48:23.688570,87,SELL,13.01,87
00:48:23.778570,88,BUY,13.01,413
00:48:23.794570,89,BUY,13.01,413
00:48:23.796570,90,BUY,13.01,500
00:48:23.796570,91,BUY,13.01,500
00:48:23.796570,92,BUY,13.01,500
00:48:23.812570,93,BUY,13.01,87
00:48:32.596570,94,SELL,13,10
00:48:32.596570,95,SELL,13,60
00:48:32.596570,96,SELL,13,100
00:48:32.596570,97,SELL,12.99,100
00:48:32.596570,98,SELL,12.99,100
00:48:32.596570,99,SELL,12.99,300
00:48:32.596570,100,SELL,12.98,491
00:48:42.736570,101,SELL,12.97,555
00:51:00.891570,102,SELL,12.99,607
00:51:00.905570,103,SELL,12.99,223
00:52:33.455570,104,BUY,12.99,1920
00:52:33.455570,105,BUY,12.99,3774
00:52:33.455570,106,BUY,12.99,1249
00:52:33.455570,107,BUY,12.99,1000
00:52:33.510570,108,SELL,12.99,1675
00:52:33.514570,109,BUY,13,1200
00:52:33.519570,110,BUY,13,800
00:52:33.519570,111,BUY,13,830
00:52:33.519570,112,BUY,13,170
00:52:33.519570,113,BUY,13,600
00:52:33.519570,114,BUY,13,230
00:53:24.644570,115,BUY,13.02,10
00:54:32.076570,116,SELL,13,250
00:54:32.076570,117,SELL,13,567
00:54:32.076570,118,SELL,13,252
00:54:32.076570,119,SELL,12.99,382
00:54:32.076570,120,SELL,12.99,1000
00:54:32.117570,121,SELL,13,612
00:54:54.132570,122,BUY,13,278
00:58:16.293570,123,BUY,13,200
00:58:19.344570,124,BUY,13,382
00:58:19.363570,125,SELL,13,118
00:59:44.075570,126,SELL,12.98,140
00:59:44.075570,127,SELL,12.98,3272
00:59:44.075570,128,SELL,12.98,566
00:59:44.075570,129,SELL,12.98,324
00:59:44.573570,130,BUY,13.01,903
00:59:56.906570,131,SELL,12.98,503
00:59:56.906570,132,SELL,12.98,500
01:01:38.805570,133,SELL,12.97,100
01:01:38.805570,134,SELL,12.97,509
01:02:01.673570,135,SELL,12.96,61
01:02:12.294570,136,SELL,12.96,746
01:02:12.294570,137,SELL,12.96,254
01:02:12.310570,138,SELL,12.96,312
01:02:17.500570,139,BUY,12.97,391
01:02:17.500570,140,BUY,12.97,400
01:02:17.500570,141,BUY,12.97,25
01:05:16.762570,142,SELL,12.94,499
01:05:16.762570,143,SELL,12.94,614
01:05:16.762570,144,SELL,12.94,928
01:05:16.762570,145,SELL,12.94,1000
01:05:16.762570,146,SELL,12.94,447
01:05:16.762570,147,SELL,12.94,566
01:05:16.762570,148,SELL,12.94,211
01:05:16.779570,149,SELL,12.94,1827
01:05:17.960570,150,SELL,12.94,830
01:05:17.960570,151,SELL,12.94,1902
01:05:17.976570,152,SELL,12.94,470
01:05:17.976570,153,SELL,12.94,615
01:05:17.994570,154,BUY,12.94,86
01:05:18.247570,155,BUY,12.97,1451
01:06:38.816570,156,BUY,12.95,250
01:06:38.816570,157,BUY,12.95,4484
01:06:38.849570,158,SELL,12.95,266
01:06:38.867570,159,BUY,12.95,2385
01:06:40.066570,160,BUY,12.96,1000
01:06:40.066570,161,BUY,12.96,73
01:06:40.083570,162,BUY,12.96,389
01:06:41.876570,163,BUY,12.96,430
01:06:41.915570,164,BUY,12.96,197
01:06:45.040570,165,BUY,12.97,2041
01:07:22.596570,166,SELL,12.95,1000
01:07:22.627570,167,SELL,12.95,1000
01:07:22.627570,168,SELL,12.95,303
01:07:22.661570,169,SELL,12.95,728
01:07:22.661570,170,SELL,12.95,1100
01:07:22.661570,171,SELL,12.95,759
01:07:25.710570,172,SELL,12.94,250
01:07:30.993570,173,BUY,12.94,1109
01:07:31.009570,174,BUY,12.94,107
01:09:02.675570,175,SELL,12.93,97
01:09:02.691570,176,SELL,12.93,41
01:09:03.867570,177,SELL,12.93,669
01:09:03.867570,178,SELL,12.93,760
01:09:03.886570,179,SELL,12.93,427
01:09:03.886570,180,SELL,12.93,186
01:09:03.961570,181,SELL,12.93,741
01:09:03.978570,182,SELL,12.93,85
01:09:03.978570,183,SELL,12.93,232
01:09:11.364570,184,SELL,12.93,3083
01:09:11.364570,185,SELL,12.93,1185
01:09:11.380570,186,SELL,12.93,89
01:09:11.380570,187,SELL,12.93,145
01:09:56.199570,188,SELL,12.93,55
01:09:56.199570,189,SELL,12.93,700
01:09:56.215570,190,SELL,12.93,323
01:11:45.279570,191,SELL,12.93,59
01:11:45.279570,192,SELL,12.93,100
01:11:45.279570,193,SELL,12.93,100
01:11:45.279570,194,SELL,12.93,79
01:11:45.296570,195,SELL,12.93,488
01:11:45.296570,196,SELL,12.93,100
01:11:45.296570,197,SELL,12.93,1166
01:11:45.296570,198,SELL,12.93,46
01:11:45.296570,199,SELL,12.93,192
01:11:45.296570,200,SELL,12.93,192
01:11:45.296570,201,SELL,12.93,192
01:11:45.296570,202,SELL,12.93,145
01:11:45.298570,203,SELL,12.93,220
01:11:45.713570,204,SELL,12.92,1000
01:11:45.751570,205,BUY,12.92,735
01:11:45.751570,206,BUY,12.92,192
01:11:45.751570,207,BUY,12.92,186
01:11:45.780570,208,BUY,12.92,428
01:12:14.245570,209,SELL,12.91,100
01:12:14.245570,210,SELL,12.91,100
01:12:14.283570,211,BUY,12.91,86
01:12:18.288570,212,SELL,12.91,100
01:12:23.692570,213,BUY,12.91,43
01:12:23.692570,214,BUY,12.91,57
01:12:28.407570,215,BUY,12.91,1000
01:12:34.909570,216,BUY,12.91,453
01:12:34.930570,217,BUY,12.91,453
01:12:48.726570,218,SELL,12.9,200
01:12:48.726570,219,SELL,12.9,28
01:12:48.752570,220,SELL,12.9,81
01:12:48.752570,221,SELL,12.9,162
01:12:48.752570,222,SELL,12.9,49
01:12:53.418570,223,BUY,12.91,3843
01:12:53.418570,224,BUY,12.91,1157
01:12:53.434570,225,BUY,12.91,1119
01:12:53.434570,226,BUY,12.91,1064
01:12:53.438570,227,BUY,12.91,1064
01:12:53.469570,228,BUY,12.91,617
01:12:53.496570,229,BUY,12.91,1397
01:12:53.498570,230,SELL,12.9,787
01:12:53.530570,231,SELL,12.9,164
01:12:53.530570,232,SELL,12.9,173
01:12:53.699570,233,SELL,12.9,1374
01:12:53.699570,234,SELL,12.9,100
01:12:53.699570,235,SELL,12.9,617
01:12:53.718570,236,BUY,12.9,507
01:12:53.731570,237,BUY,12.9,617
01:12:53.734570,238,BUY,12.9,279
01:12:53.766570,239,BUY,12.9,218
01:12:55.116570,240,SELL,12.89,1000
01:12:55.116570,241,SELL,12.89,617
01:12:55.152570,242,SELL,12.89,617
01:12:56.085570,243,BUY,12.93,1000
01:12:56.085570,244,BUY,12.93,2143
01:12:59.727570,245,SELL,12.88,575
01:12:59.758570,246,BUY,12.9,1276
01:12:59.758570,247,BUY,12.9,71
01:12:59.799570,248,SELL,12.88,617
01:12:59.799570,249,SELL,12.88,400
01:12:59.799570,250,SELL,12.88,767
01:12:59.954570,251,SELL,12.88,1492
01:12:59.954570,252,SELL,12.88,53
01:13:38.211570,253,SELL,12.88,66
01:13:38.211570,254,SELL,12.88,617
01:13:38.211570,255,SELL,12.88,50
01:14:37.216570,256,SELL,12.89,731
01:15:07.015570,257,BUY,12.9,130
01:15:07.015570,258,BUY,12.9,870
01:15:07.016570,259,BUY,12.9,403
01:15:07.016570,260,BUY,12.9,711
01:15:13.995570,261,BUY,12.9,111
01:15:13.995570,262,BUY,12.9,507
01:15:16.798570,263,BUY,12.9,316
01:15:16.798570,264,BUY,12.9,302
01:15:16.853570,265,BUY,12.9,70
01:15:16.853570,266,BUY,12.9,548
01:15:21.793570,267,BUY,12.9,250
01:15:21.848570,268,BUY,12.9,25
01:15:21.902570,269,BUY,12.9,531
01:15:29.909570,270,BUY,12.9,200
01:15:43.337570,271,BUY,12.9,92
01:15:43.337570,272,BUY,12.9,208
01:16:44.256570,273,BUY,12.9,854
01:16:44.256570,274,BUY,12.9,1791
01:16:44.256570,275,BUY,12.9,1033
01:16:44.256570,276,BUY,12.9,822
01:16:45.989570,277,BUY,12.9,1178
01:16:45.989570,278,BUY,12.9,822
01:16:46.882570,279,BUY,12.9,996
01:16:46.882570,280,BUY,12.9,1004
01:16:47.798570,281,BUY,12.9,2000
01:16:48.892570,282,BUY,12.9,1661
01:17:02.038570,283,BUY,12.91,3050
01:17:02.058570,284,SELL,12.91,1307
01:17:05.756570,285,SELL,12.91,643
01:17:05.774570,286,SELL,12.91,275
01:17:06.860570,287,SELL,12.91,2745
01:17:08.765570,288,SELL,12.9,339
01:17:16.805570,289,BUY,12.9,500
01:17:16.821570,290,BUY,12.9,677
01:17:16.821570,291,BUY,12.9,3095
01:17:18.962570,292,BUY,12.9,1000
01:17:31.212570,293,BUY,12.9,471
01:17:37.320570,294,BUY,12.94,308
01:17:37.769570,295,BUY,12.94,692
01:17:37.769570,296,BUY,12.94,980
01:17:37.769570,297,BUY,12.94,963
01:17:37.812570,298,SELL,12.93,950
01:17:41.328570,299,BUY,12.92,818
01:17:44.461570,300,SELL,12.91,500
01:17:46.151570,301,SELL,12.9,529
01:17:46.151570,302,SELL,12.9,471
01:17:46.151570,303,SELL,12.9,500
01:17:46.151570,304,SELL,12.9,500
01:17:46.180570,305,SELL,12.9,66
01:17:46.180570,306,SELL,12.9,100
01:17:46.180570,307,SELL,12.9,1000
01:17:47.337570,308,BUY,12.9,942
01:17:47.353570,309,BUY,12.9,950
01:17:47.369570,310,BUY,12.9,33
01:18:44.460570,311,BUY,12.9,100
01:18:57.122570,312,BUY,12.9,300
01:18:57.122570,313,BUY,12.9,43
01:18:58.398570,314,BUY,12.9,128
01:19:10.252570,315,SELL,12.9,731
01:19:10.266570,316,SELL,12.9,269
01:19:12.486570,317,BUY,12.9,45
01:20:10.633570,318,BUY,12.91,278
01:20:49.801570,319,SELL,12.9,100
01:22:10.387570,320,SELL,12.89,269
01:22:10.387570,321,SELL,12.89,200
01:22:10.387570,322,SELL,12.89,724
01:22:10.387570,323,SELL,12.89,350
01:22:10.387570,324,SELL,12.89,949
01:22:10.387570,325,SELL,12.89,566
01:22:10.387570,326,SELL,12.89,807
01:22:10.387570,327,SELL,12.89,900
01:22:10.389570,328,SELL,12.89,75
01:22:10.389570,329,SELL,12.88,120
01:22:10.389570,330,SELL,12.88,907
01:22:10.398570,331,SELL,12.88,93
01:22:43.628570,332,SELL,12.87,90
01:22:43.628570,333,SELL,12.87,108
01:22:43.628570,334,SELL,12.87,102
01:23:17.216570,335,SELL,12.87,929
01:23:17.216570,336,SELL,12.87,71
01:23:17.232570,337,SELL,12.87,316
01:23:17.232570,338,SELL,12.87,71
01:23:17.234570,339,SELL,12.87,362
01:25:57.262570,340,SELL,12.87,250
01:25:57.296570,341,BUY,12.87,107
01:27:28.294570,342,SELL,12.86,731
01:27:28.313570,343,SELL,12.86,269
01:27:28.313570,344,SELL,12.86,44
01:27:29.082570,345,SELL,12.86,100
01:27:29.095570,346,SELL,12.86,43
01:29:49.224570,347,BUY,12.87,758
01:29:49.224570,348,BUY,12.87,819
01:29:49.225570,349,BUY,12.87,1000
01:29:49.242570,350,BUY,12.87,819
01:29:49.242570,351,BUY,12.87,749
01:29:49.244570,352,BUY,12.87,355
01:29:49.244570,353,BUY,12.87,464
01:29:49.256570,354,BUY,12.87,78
01:29:49.271570,355,BUY,12.87,277
01:29:49.271570,356,BUY,12.87,78
01:29:49.461570,357,BUY,12.87,472
01:29:49.461570,358,BUY,12.87,640
01:30:06.455570,359,BUY,12.87,179
01:30:06.455570,360,BUY,12.87,427
01:30:06.455570,361,BUY,12.87,612
01:30:06.455570,362,BUY,12.87,1782
01:30:09.301570,363,BUY,12.87,819
01:30:09.301570,364,BUY,12.87,809
01:30:10.521570,365,BUY,12.87,567
01:32:05.525570,366,SELL,12.86,318
01:32:05.525570,367,SELL,12.86,300
01:32:05.525570,368,SELL,12.86,543
01:32:05.525570,369,SELL,12.86,566
01:32:05.525570,370,SELL,12.86,1063
01:32:05.525570,371,SELL,12.86,1399
01:32:05.525570,372,SELL,12.86,806
01:32:05.525570,373,SELL,12.86,5
01:32:05.544570,374,SELL,12.86,2915
01:32:06.645570,375,SELL,12.85,70
01:32:06.645570,376,SELL,12.85,200
01:32:06.645570,377,SELL,12.85,362
01:32:06.661570,378,SELL,12.85,638
01:32:06.661570,379,SELL,12.85,300
01:32:06.661570,380,SELL,12.85,1000
01:32:06.661570,381,SELL,12.85,80
01:32:06.673570,382,SELL,12.84,90
01:32:06.673570,383,SELL,12.84,300
01:32:06.673570,384,SELL,12.84,140
01:32:07.238570,385,SELL,12.83,200
01:33:38.231570,386,BUY,12.84,530
01:33:38.247570,387,BUY,12.84,819
01:33:38.247570,388,BUY,12.84,819
01:33:38.247570,389,BUY,12.84,189
01:33:38.247570,390,BUY,12.84,11
01:33:38.247570,391,BUY,12.84,193
01:33:38.247570,392,BUY,12.84,915
01:33:38.259570,393,BUY,12.84,289
01:33:58.473570,394,BUY,12.84,518
01:34:35.381570,395,SELL,12.83,1000
01:34:35.381570,396,SELL,12.83,2806
01:34:35.381570,397,SELL,12.83,194
01:35:10.037570,398,BUY,12.84,12
01:35:10.037570,399,BUY,12.84,823
01:35:17.303570,400,BUY,12.84,819
01:35:17.303570,401,BUY,12.84,747
01:35:19.397570,402,BUY,12.84,76
01:35:19.397570,403,BUY,12.84,89
01:35:25.178570,404,BUY,12.84,730
01:35:25.178570,405,BUY,12.84,823
01:35:25.178570,406,BUY,12.84,1109
01:36:42.161570,407,BUY,12.84,80
01:36:44.570570,408,BUY,12.84,739
01:36:44.570570,409,BUY,12.84,823
01:36:44.570570,410,BUY,12.84,438
01:37:00.429570,411,BUY,12.84,86
01:37:00.429570,412,BUY,12.84,819
01:37:00.429570,413,BUY,12.84,823
01:37:00.429570,414,BUY,12.84,628
01:37:04.352570,415,SELL,12.83,100
01:37:04.352570,416,SELL,12.83,631
01:37:53.407570,417,SELL,12.83,2056
01:37:53.407570,418,SELL,12.83,1000
01:37:53.407570,419,SELL,12.83,1050
01:37:53.407570,420,SELL,12.83,200
01:37:53.407570,421,SELL,12.83,300
01:37:53.407570,422,SELL,12.83,543
01:37:53.407570,423,SELL,12.83,51
01:37:53.412570,424,SELL,12.83,1100
01:37:53.425570,425,SELL,12.83,263
01:37:53.425570,426,SELL,12.83,200
01:38:00.535570,427,BUY,12.83,21
01:38:00.535570,428,BUY,12.83,48
01:38:05.035570,429,SELL,12.83,300
01:38:07.635570,430,SELL,12.83,431
01:38:14.079570,431,SELL,12.82,20
01:38:16.030570,432,BUY,12.83,50
01:38:16.030570,433,BUY,12.83,819
01:38:16.036570,434,BUY,12.83,231
01:38:27.585570,435,BUY,12.83,102
01:38:27.585570,436,BUY,12.83,20
01:38:27.585570,437,BUY,12.83,3496
01:38:27.585570,438,BUY,12.84,4801
01:38:27.585570,439,BUY,12.84,1581
01:38:28.710570,440,BUY,12.84,2644
01:38:28.710570,441,BUY,12.84,100
01:38:28.710570,442,BUY,12.84,622
01:38:28.710570,443,BUY,12.84,36
01:38:28.727570,444,BUY,12.84,718
01:38:28.925570,445,SELL,12.82,623
01:38:33.705570,446,SELL,12.83,2000
01:38:44.237570,447,BUY,12.84,200
01:38:56.096570,448,BUY,12.83,3000
01:39:01.515570,449,BUY,12.83,95
01:39:01.567570,450,SELL,12.83,605
01:39:02.067570,451,BUY,12.84,147
01:39:02.067570,452,BUY,12.84,2803
01:39:09.160570,453,SELL,12.82,10
01:39:09.176570,454,BUY,12.84,620
01:39:09.176570,455,BUY,12.84,176
01:39:14.264570,456,BUY,12.83,10
01:39:14.280570,457,SELL,12.83,964
01:39:22.333570,458,BUY,12.84,306
01:40:23.426570,459,SELL,12.84,70
01:40:26.881570,460,SELL,12.84,51
01:40:26.884570,461,SELL,12.84,573
01:40:39.065570,462,BUY,12.84,341
01:41:02.905570,463,BUY,12.85,60
01:41:10.405570,464,SELL,12.84,743
01:41:11.536570,465,SELL,12.84,396
01:42:19.523570,466,BUY,12.85,2500
01:42:27.714570,467,BUY,12.85,354
01:42:31.605570,468,BUY,12.85,96
01:42:31.605570,469,BUY,12.85,390
01:42:31.605570,470,BUY,12.85,142
01:42:31.605570,471,BUY,12.85,824
01:42:31.605570,472,BUY,12.85,659
01:42:31.605570,473,BUY,12.85,2855
01:42:31.605570,474,BUY,12.85,1406
01:42:34.536570,475,BUY,12.85,824
01:42:34.536570,476,BUY,12.85,1232
01:42:34.536570,477,BUY,12.85,544
01:42:36.162570,478,BUY,12.85,1634
01:42:36.162570,479,BUY,12.85,824
01:42:37.423570,480,BUY,12.85,824
01:42:37.423570,481,BUY,12.85,1280
01:42:39.356570,482,BUY,12.85,250
01:42:44.092570,483,BUY,12.85,574
01:42:44.092570,484,BUY,12.85,935
01:42:45.375570,485,BUY,12.85,2217
01:42:45.375570,486,BUY,12.85,283
01:42:52.303570,487,BUY,12.85,824
01:42:52.303570,488,BUY,12.85,176
01:42:52.986570,489,BUY,12.85,500
01:42:55.350570,490,BUY,12.85,100
01:43:08.324570,491,BUY,12.85,299
01:43:08.324570,492,BUY,12.85,871
01:43:08.324570,493,BUY,12.85,100
01:43:08.401570,494,SELL,12.85,980
01:43:40.978570,495,BUY,12.85,500
01:43:46.474570,496,BUY,12.85,179
01:44:17.352570,497,BUY,12.86,2500
01:44:17.352570,498,BUY,12.86,135
01:44:17.352570,499,BUY,12.87,365
01:44:57.022570,500,SELL,12.86,100
01:45:08.795570,501,BUY,12.86,807
01:45:08.865570,502,SELL,12.85,21
01:45:08.865570,503,SELL,12.85,500
01:45:08.865570,504,SELL,12.85,100
01:45:08.865570,505,SELL,12.85,807
01:45:08.865570,506,SELL,12.85,1539
01:45:08.865570,507,SELL,12.85,50
01:45:08.865570,508,SELL,12.85,1718
01:45:08.884570,509,SELL,12.85,3282
01:45:08.884570,510,SELL,12.85,803
01:45:16.072570,511,SELL,12.84,20
01:45:16.072570,512,SELL,12.84,980
01:45:16.089570,513,SELL,12.84,20
01:45:19.983570,514,SELL,12.83,26
01:45:19.983570,515,SELL,12.83,2000
01:45:19.983570,516,SELL,12.83,1000
01:45:19.983570,517,SELL,12.83,95
01:45:19.988570,518,SELL,12.83,405
01:45:19.988570,519,SELL,12.83,122
01:45:19.999570,520,SELL,12.83,78
01:45:45.458570,521,BUY,12.84,208
01:46:25.831570,522,BUY,12.83,1300
01:47:28.435570,523,BUY,12.84,5669
01:47:28.435570,524,BUY,12.84,100
01:47:28.435570,525,BUY,12.84,825
01:47:28.440570,526,BUY,12.84,825
01:47:28.443570,527,BUY,12.84,825
01:47:28.451570,528,BUY,12.84,98
01:47:28.451570,529,BUY,12.84,925
01:47:29.566570,530,BUY,12.84,825
01:47:29.566570,531,BUY,12.84,456
01:47:30.619570,532,BUY,12.84,825
01:47:30.619570,533,BUY,12.84,1092
01:47:31.759570,534,BUY,12.84,825
01:47:31.759570,535,BUY,12.84,499
01:47:33.460570,536,BUY,12.84,825
01:47:33.460570,537,BUY,12.84,292
01:47:34.408570,538,SELL,12.83,730
01:48:35.830570,539,BUY,12.84,30
01:48:35.830570,540,BUY,12.84,970
01:48:47.907570,541,BUY,12.84,1000
01:48:48.733570,542,BUY,12.84,100
01:48:57.370570,543,BUY,12.84,645
01:48:57.443570,544,SELL,12.84,355
01:49:04.001570,545,BUY,12.84,175
01:49:04.001570,546,BUY,12.84,825
01:49:08.253570,547,BUY,12.84,500
01:49:09.454570,548,BUY,12.84,319
01:49:09.454570,549,BUY,12.84,653
01:49:47.418570,550,BUY,12.84,100
01:50:09.846570,551,BUY,12.84,100
01:50:12.426570,552,BUY,12.84,745
01:50:12.426570,553,BUY,12.84,255
01:51:28.588570,554,BUY,12.84,819
01:51:28.588570,555,BUY,12.84,181
01:51:31.716570,556,BUY,12.84,200
01:52:13.964570,557,SELL,12.83,470
01:52:13.964570,558,SELL,12.83,300
01:52:13.964570,559,SELL,12.83,1000
01:52:13.964570,560,SELL,12.83,1212
01:52:13.964570,561,SELL,12.83,200
01:52:30.063570,562,BUY,12.84,11
01:52:35.487570,563,SELL,12.82,22
01:53:02.267570,564,SELL,12.83,200
01:55:05.456570,565,SELL,12.82,325
01:55:05.456570,566,SELL,12.82,405
01:55:13.472570,567,SELL,12.82,595
01:55:13.472570,568,SELL,12.82,80
01:55:13.472570,569,SELL,12.82,1942
01:55:13.472570,570,SELL,12.82,80
01:55:13.472570,571,SELL,12.82,1000
01:55:13.472570,572,SELL,12.82,420
01:55:51.206570,573,BUY,12.83,1000
01:55:51.225570,574,SELL,12.83,1618
01:55:52.048570,575,BUY,12.84,989
01:55:52.048570,576,BUY,12.84,819
01:55:52.048570,577,BUY,12.84,787
01:55:52.048570,578,BUY,12.84,1000
01:55:52.048570,579,BUY,12.84,964
01:55:52.048570,580,BUY,12.84,353
01:55:52.049570,581,BUY,12.84,3088
01:56:23.729570,582,BUY,12.84,1219
01:56:23.729570,583,BUY,12.84,341
01:57:04.307570,584,BUY,12.84,19
01:57:14.605570,585,BUY,12.84,459
01:57:14.605570,586,BUY,12.84,4243
01:57:36.644570,587,BUY,12.84,861
01:57:36.644570,588,BUY,12.84,226
01:57:54.140570,589,SELL,12.83,30
01:58:04.229570,590,BUY,12.84,150
01:58:06.073570,591,BUY,12.84,274
01:58:06.132570,592,SELL,12.84,959
01:58:07.186570,593,SELL,12.84,472
01:58:22.323570,594,SELL,12.84,2165
01:58:22.323570,595,SELL,12.84,2604
01:58:22.342570,596,SELL,12.83,231
01:59:24.381570,597,BUY,12.84,2043
01:59:24.381570,598,BUY,12.84,1957
02:00:24.891570,599,BUY,12.84,100
02:00:24.907570,600,BUY,12.84,739
02:00:24.907570,601,BUY,12.84,1398
02:01:07.356570,602,BUY,12.84,599
02:01:07.356570,603,BUY,12.84,414
02:01:07.356570,604,BUY,12.84,759
02:01:07.377570,605,SELL,12.84,228
02:01:08.350570,606,BUY,12.84,275
02:01:08.471570,607,SELL,12.84,295
02:01:08.484570,608,SELL,12.84,126
02:01:09.480570,609,SELL,12.84,621
02:01:09.500570,610,SELL,12.84,267
02:01:10.650570,611,SELL,12.84,194
02:01:10.664570,612,SELL,12.84,83
02:01:13.346570,613,SELL,12.84,139
02:01:13.346570,614,SELL,12.84,180
02:01:22.956570,615,BUY,12.84,136
02:01:22.956570,616,BUY,12.84,198
02:01:22.976570,617,SELL,12.84,85
02:01:24.086570,618,SELL,12.84,109
02:01:24.104570,619,SELL,12.84,47
02:01:24.499570,620,SELL,12.84,231
02:01:24.503570,621,SELL,12.84,1100
02:01:24.517570,622,SELL,12.84,94
02:01:31.856570,623,BUY,12.84,150
02:01:32.034570,624,SELL,12.83,2121
02:01:32.034570,625,SELL,12.83,2604
02:01:32.034570,626,SELL,12.83,940
02:01:32.034570,627,SELL,12.83,101
02:01:32.034570,628,SELL,12.83,145
02:01:32.034570,629,SELL,12.83,807
02:01:32.034570,630,SELL,12.83,2519
02:01:32.034570,631,SELL,12.83,100
02:01:32.034570,632,SELL,12.83,500
02:01:32.034570,633,SELL,12.83,250
02:01:38.068570,634,BUY,12.84,326
02:01:38.068570,635,BUY,12.84,674
02:03:25.771570,636,BUY,12.84,289
02:03:25.771570,637,BUY,12.84,285
02:03:25.771570,638,BUY,12.84,443
02:03:25.771570,639,BUY,12.84,856
02:03:25.789570,640,SELL,12.84,127
02:03:39.495570,641,BUY,12.84,552
02:03:39.495570,642,BUY,12.84,548
02:03:39.499570,643,BUY,12.84,297
02:03:39.514570,644,BUY,12.84,235
02:04:46.557570,645,BUY,12.84,127
02:04:46.557570,646,BUY,12.84,388
02:04:46.577570,647,SELL,12.84,167
02:04:47.671570,648,SELL,12.84,144
02:04:47.693570,649,SELL,12.84,61
02:06:03.526570,650,SELL,12.84,730
02:06:03.542570,651,SELL,12.84,313
02:06:04.683570,652,SELL,12.84,390
02:06:04.698570,653,SELL,12.84,167
02:06:05.806570,654,SELL,12.84,154
02:06:05.823570,655,SELL,12.84,66
02:06:06.942570,656,SELL,12.84,115
02:06:06.959570,657,SELL,12.84,50
02:07:00.935570,658,BUY,12.85,2000
02:07:00.935570,659,BUY,12.85,784
02:07:00.948570,660,SELL,12.85,1193
02:07:02.082570,661,SELL,12.85,1010
02:07:02.096570,662,SELL,12.85,433
02:07:03.092570,663,SELL,12.85,476
02:07:03.107570,664,SELL,12.85,204
02:07:04.102570,665,SELL,12.85,476
02:07:04.122570,666,SELL,12.85,204
02:07:05.112570,667,SELL,12.85,101
02:07:05.126570,668,SELL,12.85,43
02:07:05.131570,669,SELL,12.85,532
02:07:05.134570,670,SELL,12.85,1100
02:07:05.146570,671,SELL,12.85,471
02:07:06.122570,672,SELL,12.85,285
02:07:07.132570,673,SELL,12.85,688
02:07:07.132570,674,SELL,12.85,25
02:07:35.028570,675,BUY,12.85,230
02:07:43.686570,676,BUY,12.85,163
02:07:43.686570,677,BUY,12.85,98
02:07:43.702570,678,SELL,12.85,70
02:08:42.912570,679,SELL,12.85,258
02:08:42.935570,680,SELL,12.85,111
02:08:44.053570,681,SELL,12.85,210
02:08:44.071570,682,SELL,12.85,90
02:09:10.582570,683,BUY,12.86,25
02:09:10.598570,684,BUY,12.86,3858
02:09:10.598570,685,BUY,12.86,1214
02:09:16.100570,686,BUY,12.86,100
02:09:25.916570,687,BUY,12.86,100
02:10:03.915570,688,BUY,12.86,500
02:10:05.728570,689,BUY,12.86,1000
02:10:12.295570,690,BUY,12.86,20
02:10:12.952570,691,BUY,12.86,464
02:10:12.952570,692,BUY,12.86,536
02:10:13.421570,693,BUY,12.86,873
02:10:13.421570,694,BUY,12.86,227
02:10:13.425570,695,BUY,12.86,3
02:10:13.425570,696,BUY,12.86,1297
02:10:18.232570,697,BUY,12.86,30
02:10:28.291570,698,BUY,12.86,186
02:10:47.195570,699,BUY,12.86,714
02:10:47.195570,700,BUY,12.86,1286
02:11:02.049570,701,BUY,12.86,551
02:11:02.049570,702,BUY,12.86,449
02:11:05.550570,703,BUY,12.86,130
02:11:05.623570,704,BUY,12.86,25
02:11:26.501570,705,BUY,12.86,37
02:11:26.501570,706,BUY,12.86,2267
02:11:26.516570,707,SELL,12.86,972
02:11:27.608570,708,SELL,12.86,497
02:11:27.623570,709,SELL,12.86,213
02:11:27.627570,710,SELL,12.86,14
02:11:27.627570,711,SELL,12.86,25
02:11:50.962570,712,BUY,12.86,17
02:11:50.962570,713,BUY,12.86,124
02:11:50.976570,714,SELL,12.86,53
02:11:51.046570,715,SELL,12.86,106
02:12:36.949570,716,BUY,12.86,45
02:12:37.822570,717,BUY,12.87,1000
02:12:37.822570,718,BUY,12.87,108
02:12:37.822570,719,BUY,12.87,1463
02:12:41.643570,720,SELL,12.86,55
02:12:41.643570,721,SELL,12.86,20
02:12:41.643570,722,SELL,12.86,1080
02:12:41.647570,723,SELL,12.86,920
02:12:47.635570,724,BUY,12.86,500
02:12:56.520570,725,BUY,12.86,155
02:13:12.248570,726,BUY,12.86,1336
02:13:12.248570,727,BUY,12.86,2664
02:13:12.254570,728,BUY,12.86,55
02:13:12.254570,729,BUY,12.86,458
02:13:12.254570,730,BUY,12.86,407
02:13:54.644570,731,SELL,12.85,2000
02:13:54.644570,732,SELL,12.85,100
02:13:54.644570,733,SELL,12.85,300
02:13:54.644570,734,SELL,12.85,807
02:13:54.644570,735,SELL,12.85,1793
02:13:54.676570,736,SELL,12.85,80
02:13:54.676570,737,SELL,12.85,10
02:13:54.676570,738,SELL,12.85,800
02:13:54.676570,739,SELL,12.85,10
02:13:54.735570,740,BUY,12.85,1353
02:14:25.303570,741,BUY,12.85,4000
02:14:37.168570,742,BUY,12.85,100
02:15:23.646570,743,BUY,12.85,100
02:15:32.065570,744,BUY,12.85,457
02:15:32.065570,745,BUY,12.85,1714
02:15:32.081570,746,SELL,12.85,29
02:15:32.140570,747,BUY,12.85,252
02:15:33.226570,748,BUY,12.85,619
02:15:35.622570,749,BUY,12.85,266
02:15:35.622570,750,BUY,12.85,363
02:15:35.640570,751,SELL,12.85,155
02:15:36.748570,752,SELL,12.85,131
02:15:36.767570,753,SELL,12.85,56
02:15:37.905570,754,SELL,12.85,29
02:15:37.905570,755,SELL,12.85,20
02:15:59.079570,756,BUY,12.85,55
02:15:59.079570,757,BUY,12.85,21
02:15:59.095570,758,SELL,12.85,24
02:16:27.784570,759,SELL,12.85,2500
02:16:27.784570,760,SELL,12.85,1200
02:16:27.784570,761,SELL,12.85,10
02:16:27.784570,762,SELL,12.85,10
02:17:03.871570,763,BUY,12.85,1500
02:17:04.376570,764,BUY,12.85,94
02:17:04.376570,765,BUY,12.85,406
02:17:04.393570,766,BUY,12.85,1449
02:17:04.409570,767,BUY,12.85,174
02:17:04.441570,768,BUY,12.85,177
02:17:12.420570,769,SELL,12.84,90
02:17:12.433570,770,SELL,12.84,370
02:17:12.452570,771,SELL,12.84,113
02:17:13.564570,772,SELL,12.84,1002
02:17:13.580570,773,SELL,12.84,429
02:17:14.758570,774,SELL,12.84,124
02:17:14.758570,775,SELL,12.84,114
02:17:14.774570,776,SELL,12.84,102
02:17:15.769570,777,SELL,12.84,150
02:17:15.787570,778,SELL,12.84,65
02:17:16.978570,779,SELL,12.84,112
02:17:16.994570,780,SELL,12.84,48
02:19:02.284570,781,BUY,12.86,110
02:19:02.299570,782,BUY,12.86,310
02:19:02.299570,783,BUY,12.86,2488
02:19:32.772570,784,BUY,12.86,650
02:21:07.034570,785,BUY,12.86,25
02:21:38.417570,786,SELL,12.85,10
02:21:38.417570,787,SELL,12.85,290
02:21:38.430570,788,SELL,12.85,571
02:21:38.448570,789,SELL,12.85,128
02:21:39.530570,790,SELL,12.85,1331
02:21:39.530570,791,SELL,12.85,494
02:21:39.553570,792,SELL,12.85,783
02:21:41.539570,793,SELL,12.85,873
02:21:41.558570,794,SELL,12.85,374
02:21:42.739570,795,SELL,12.85,30
02:21:42.739570,796,SELL,12.85,10
02:21:42.739570,797,SELL,12.85,144
02:21:42.754570,798,SELL,12.85,79
02:22:13.040570,799,BUY,12.87,150
02:24:06.650570,800,BUY,12.87,64
02:24:06.650570,801,BUY,12.87,113
02:24:06.650570,802,BUY,12.87,323
02:24:06.667570,803,BUY,12.87,114
02:24:09.906570,804,SELL,12.86,20
02:24:09.906570,805,SELL,12.86,30
02:24:09.927570,806,SELL,12.86,187
02:24:09.947570,807,SELL,12.86,70
02:24:11.042570,808,SELL,12.86,256
02:24:11.062570,809,SELL,12.86,110
02:24:12.151570,810,SELL,12.86,142
02:24:12.166570,811,SELL,12.86,61
02:25:05.201570,812,BUY,12.88,807
02:25:41.257570,813,BUY,12.88,193
02:25:41.257570,814,BUY,12.88,7
02:25:41.738570,815,BUY,12.88,1604
02:25:41.738570,816,BUY,12.88,500
02:25:41.738570,817,BUY,12.88,345
02:25:41.738570,818,BUY,12.88,481
02:25:41.754570,819,SELL,12.88,270
02:25:41.804570,820,BUY,12.88,25
02:25:58.410570,821,BUY,12.88,220
02:26:12.595570,822,BUY,12.88,80
02:27:30.577570,823,SELL,12.87,700
02:27:30.577570,824,SELL,12.87,583
02:27:30.577570,825,SELL,12.87,800
02:27:30.577570,826,SELL,12.87,20
02:27:30.577570,827,SELL,12.87,5
02:27:30.577570,828,SELL,12.87,931
02:27:30.577570,829,SELL,12.87,100
02:27:30.577570,830,SELL,12.87,2322
02:27:30.618570,831,SELL,12.86,1000
02:28:34.154570,832,BUY,12.86,2939
02:28:34.154570,833,BUY,12.86,999
02:28:34.154570,834,BUY,12.86,62
02:28:34.171570,835,BUY,12.86,4718
02:28:34.171570,836,BUY,12.86,884
02:28:34.194570,837,BUY,12.86,1200
02:28:34.209570,838,BUY,12.86,617
02:28:34.240570,839,BUY,12.86,205
02:28:34.243570,840,SELL,12.86,412
02:28:34.281570,841,BUY,12.86,384
02:28:34.318570,842,BUY,12.86,176
02:28:34.535570,843,BUY,12.86,165
02:28:38.853570,844,BUY,12.86,2000
02:28:48.228570,845,BUY,12.86,1931
02:28:48.228570,846,BUY,12.86,857
02:28:48.249570,847,SELL,12.86,828
02:28:49.356570,848,SELL,12.86,384
02:28:49.414570,849,BUY,12.86,25
02:30:13.885570,850,BUY,12.86,78
02:31:54.251570,851,BUY,12.86,25
02:33:49.279570,852,BUY,12.86,25
02:34:25.171570,853,BUY,12.86,36
02:34:25.171570,854,BUY,12.86,334
02:35:45.304570,855,BUY,12.86,25
02:36:29.314570,856,BUY,12.86,100
02:37:40.346570,857,BUY,12.86,25
02:39:08.669570,858,SELL,12.85,1000
02:39:08.696570,859,SELL,12.85,99
02:39:08.696570,860,SELL,12.85,122
02:39:08.696570,861,SELL,12.85,300
02:39:08.696570,862,SELL,12.85,20
02:39:08.696570,863,SELL,12.85,5
02:39:08.696570,864,SELL,12.85,101
02:39:08.712570,865,SELL,12.85,2077
02:39:08.712570,866,SELL,12.85,400
02:39:08.712570,867,SELL,12.85,2312
02:39:08.712570,868,SELL,12.85,807
02:39:10.419570,869,BUY,12.85,1
02:40:03.308570,870,BUY,12.85,40
02:40:25.598570,871,BUY,12.85,2011
02:40:25.598570,872,BUY,12.85,3583
02:40:25.598570,873,BUY,12.85,300
02:41:32.382570,874,BUY,12.85,25
02:43:27.408570,875,BUY,12.85,25
02:43:41.887570,876,BUY,12.85,140
02:43:59.748570,877,BUY,12.85,500
02:44:28.788570,878,BUY,12.85,350
02:45:10.756570,879,BUY,12.85,77
02:45:23.458570,880,BUY,12.85,25
02:47:18.474570,881,BUY,12.85,25
02:47:22.694570,882,BUY,12.85,843
02:47:22.694570,883,BUY,12.85,4239
02:47:22.694570,884,BUY,12.85,2000
02:47:22.694570,885,BUY,12.85,574
02:49:14.502570,886,BUY,12.85,25
02:49:41.653570,887,BUY,12.85,100
02:50:02.075570,888,BUY,12.85,241
02:51:10.537570,889,BUY,12.85,25
02:51:51.940570,890,BUY,12.85,2234
02:51:51.940570,891,BUY,12.85,365
02:51:51.940570,892,BUY,12.85,3681
02:51:51.940570,893,BUY,12.86,288
02:51:51.940570,894,BUY,12.86,819
02:51:51.940570,895,BUY,12.86,507
02:51:51.940570,896,BUY,12.86,200
02:51:51.940570,897,BUY,12.86,959
02:51:51.940570,898,BUY,12.87,1102
02:51:51.940570,899,BUY,12.87,1445
02:53:05.585570,900,BUY,12.86,25
02:53:17.342570,901,BUY,12.86,1591
02:53:17.342570,902,BUY,12.86,10
02:53:17.342570,903,BUY,12.86,399
02:55:01.597570,904,BUY,12.86,25
02:55:02.854570,905,BUY,12.86,618
02:55:03.981570,906,BUY,12.86,210
02:55:04.483570,907,BUY,12.86,807
02:55:55.973570,908,BUY,12.86,346
02:55:55.973570,909,BUY,12.86,1495
02:55:59.305570,910,BUY,12.86,379
02:55:59.305570,911,BUY,12.86,121
02:56:13.261570,912,SELL,12.85,25
02:56:13.261570,913,SELL,12.85,807
02:56:13.261570,914,SELL,12.85,1869
02:56:13.261570,915,SELL,12.85,1000
02:56:13.261570,916,SELL,12.85,2216
02:56:13.261570,917,SELL,12.85,2203
02:56:13.293570,918,SELL,12.84,609
02:56:13.293570,919,SELL,12.84,25
02:56:13.293570,920,SELL,12.84,249
02:56:13.293570,921,SELL,12.84,417
02:56:13.300570,922,SELL,12.84,253
02:56:13.310570,923,SELL,12.84,330
02:56:13.310570,924,SELL,12.84,155
02:56:13.310570,925,SELL,12.84,500
02:56:13.310570,926,SELL,12.84,500
02:56:13.310570,927,SELL,12.84,150
02:56:13.310570,928,SELL,12.84,350
02:56:13.310570,929,SELL,12.84,60
02:56:13.310570,930,SELL,12.84,1000
02:56:13.318570,931,BUY,12.84,1117
02:56:13.351570,932,BUY,12.84,187
02:56:13.375570,933,SELL,12.84,399
02:56:13.398570,934,BUY,12.84,20
02:56:32.744570,935,BUY,12.84,60
02:58:26.218570,936,BUY,12.85,200
02:58:26.234570,937,BUY,12.85,305
03:00:24.695570,938,BUY,12.85,25
03:02:20.777570,939,BUY,12.85,25
03:03:42.750570,940,BUY,12.85,166
03:03:44.766570,941,BUY,12.86,762
03:03:44.766570,942,BUY,12.86,701
03:04:05.209570,943,BUY,12.86,494
03:04:16.849570,944,BUY,12.86,25
03:06:11.891570,945,BUY,12.86,25
03:06:48.933570,946,SELL,12.85,100
03:06:48.959570,947,SELL,12.85,300
03:06:48.959570,948,SELL,12.85,25
03:06:48.959570,949,SELL,12.85,578
03:07:36.731570,950,BUY,12.86,100
03:09:04.264570,951,SELL,12.85,376
03:09:04.264570,952,SELL,12.85,124
03:09:04.269570,953,SELL,12.85,682
03:09:04.269570,954,SELL,12.85,10
03:09:04.269570,955,SELL,12.85,10
03:09:04.269570,956,SELL,12.85,100
03:09:04.269570,957,SELL,12.85,5
03:09:04.269570,958,SELL,12.85,310
03:09:04.295570,959,SELL,12.85,14
03:11:25.898570,960,SELL,12.84,100
03:11:25.902570,961,SELL,12.84,155
03:11:25.902570,962,SELL,12.84,790
03:11:25.902570,963,SELL,12.84,50
03:11:25.902570,964,SELL,12.84,105
03:11:25.929570,965,SELL,12.84,95
03:11:25.929570,966,SELL,12.84,116
03:11:25.929570,967,SELL,12.84,20
03:11:25.929570,968,SELL,12.84,5
03:12:02.393570,969,BUY,12.84,400
03:12:02.409570,970,BUY,12.84,600
03:13:55.110570,971,BUY,12.85,25
03:15:03.401570,972,BUY,12.85,93
03:15:11.075570,973,BUY,12.85,60
03:15:49.167570,974,BUY,12.85,25
03:16:08.619570,975,BUY,12.85,1000
03:17:45.432570,976,BUY,12.85,25
03:17:45.448570,977,BUY,12.85,1678
03:17:45.448570,978,BUY,12.85,829
03:17:45.448570,979,BUY,12.85,516
03:17:45.468570,980,BUY,12.85,1085
03:17:45.550570,981,BUY,12.85,15
03:17:45.553570,982,BUY,12.85,841
03:19:40.264570,983,BUY,12.85,25
03:20:04.544570,984,BUY,12.85,220
03:21:36.627570,985,BUY,12.85,25
03:23:32.489570,986,BUY,12.85,25
03:24:14.561570,987,BUY,12.85,72
03:24:14.561570,988,BUY,12.85,752
03:24:14.561570,989,BUY,12.85,1261
03:24:14.561570,990,BUY,12.85,2000
03:24:14.561570,991,BUY,12.85,357
03:24:14.561570,992,BUY,12.85,3096
03:24:14.561570,993,BUY,12.85,21
03:24:49.889570,994,BUY,12.85,807
03:25:27.263570,995,BUY,12.85,25
03:26:57.756570,996,BUY,12.85,97
03:27:23.138570,997,BUY,12.85,25
03:27:34.735570,998,SELL,12.84,419
03:27:34.752570,999,SELL,12.84,431
03:27:34.752570,1000,SELL,12.84,25
03:27:34.752570,1001,SELL,12.84,807
03:27:34.752570,1002,SELL,12.84,992
03:27:34.753570,1003,SELL,12.84,528
03:27:34.753570,1004,SELL,12.84,350
03:27:34.753570,1005,SELL,12.84,2067
03:27:34.753570,1006,SELL,12.84,286
03:27:34.789570,1007,SELL,12.84,257
03:27:34.789570,1008,SELL,12.84,1058
03:27:34.789570,1009,SELL,12.84,239
03:27:34.791570,1010,SELL,12.84,1564
03:27:34.813570,1011,SELL,12.84,666
03:27:34.814570,1012,SELL,12.84,671
03:27:34.835570,1013,SELL,12.84,287
03:27:34.836570,1014,SELL,12.84,285
03:27:34.859570,1015,SELL,12.84,123
03:27:34.860570,1016,SELL,12.84,123
03:27:34.878570,1017,SELL,12.84,52
03:27:34.879570,1018,SELL,12.84,53
03:27:34.896570,1019,SELL,12.84,23
03:27:34.898570,1020,SELL,12.84,22
03:27:34.916570,1021,SELL,12.84,9
03:27:34.918570,1022,SELL,12.84,10
03:27:34.935570,1023,SELL,12.84,5
03:27:34.938570,1024,SELL,12.84,4
03:27:34.956570,1025,SELL,12.84,1
03:27:34.957570,1026,SELL,12.84,2
03:27:34.977570,1027,SELL,12.84,1
03:27:34.994570,1028,SELL,12.84,1
03:27:35.013570,1029,SELL,12.84,1
03:28:00.564570,1030,SELL,12.84,549
03:28:00.581570,1031,SELL,12.84,235
03:28:00.583570,1032,SELL,12.84,236
03:28:00.601570,1033,SELL,12.84,101
03:28:00.602570,1034,SELL,12.84,100
03:28:00.620570,1035,SELL,12.84,43
03:28:00.622570,1036,SELL,12.84,44
03:28:00.639570,1037,SELL,12.84,19
03:28:00.641570,1038,SELL,12.84,18
03:28:00.661570,1039,SELL,12.84,8
03:28:00.662570,1040,SELL,12.84,8
03:28:00.682570,1041,SELL,12.84,3
03:28:00.684570,1042,SELL,12.84,4
03:28:00.705570,1043,SELL,12.84,2
03:28:00.707570,1044,SELL,12.84,1
03:28:00.727570,1045,SELL,12.84,1
03:28:00.744570,1046,SELL,12.84,1
03:29:10.700570,1047,BUY,12.85,100
03:30:16.057570,1048,SELL,12.84,7
03:30:16.074570,1049,SELL,12.84,42
03:30:16.076570,1050,SELL,12.84,43
03:30:16.096570,1051,SELL,12.84,22
03:30:16.096570,1052,SELL,12.84,21
03:30:16.116570,1053,SELL,12.84,9
03:30:16.117570,1054,SELL,12.84,9
03:30:16.137570,1055,SELL,12.84,4
03:30:16.139570,1056,SELL,12.84,4
03:30:16.161570,1057,SELL,12.84,1
03:30:16.163570,1058,SELL,12.84,2
03:31:10.935570,1059,BUY,12.85,80
03:31:14.828570,1060,BUY,12.85,25
03:33:10.833570,1061,BUY,12.85,25
03:33:59.707570,1062,BUY,12.85,100
03:34:10.508570,1063,BUY,12.85,509
03:34:37.831570,1064,BUY,12.85,100
03:35:05.875570,1065,BUY,12.85,25
03:37:01.882570,1066,BUY,12.85,25
03:38:56.925570,1067,BUY,12.85,25
03:40:52.917570,1068,BUY,12.85,25
03:42:48.958570,1069,BUY,12.85,25
03:43:15.831570,1070,SELL,12.84,730
03:43:15.846570,1071,SELL,12.84,1453
03:43:15.846570,1072,SELL,12.84,10
03:43:15.846570,1073,SELL,12.84,10
03:43:15.846570,1074,SELL,12.84,5
03:43:15.846570,1075,SELL,12.84,85
03:43:15.846570,1076,SELL,12.84,807
03:43:15.846570,1077,SELL,12.84,788
03:43:38.974570,1078,BUY,12.84,388
03:46:40.009570,1079,BUY,12.84,25
03:48:34.311570,1080,SELL,12.83,621
03:48:35.043570,1081,BUY,12.84,25
03:50:31.067570,1082,BUY,12.84,25
03:52:27.108570,1083,BUY,12.84,25
03:53:07.641570,1084,BUY,12.84,57
03:54:21.152570,1085,BUY,12.84,25
03:55:00.421570,1086,BUY,12.84,806
03:55:07.898570,1087,SELL,12.83,731
03:56:17.198570,1088,BUY,12.84,25
03:56:59.720570,1089,BUY,12.84,11
03:58:12.304570,1090,BUY,12.84,25
03:59:44.991570,1091,BUY,12.84,214
03:59:45.034570,1092,SELL,12.83,627
04:00:08.335570,1093,BUY,12.84,25
04:00:10.933570,1094,SELL,12.83,21
04:00:10.933570,1095,SELL,12.83,710
04:02:03.349570,1096,BUY,12.84,25
04:03:22.357570,1097,BUY,12.84,380
04:03:22.357570,1098,BUY,12.84,620
04:03:59.387570,1099,BUY,12.84,25
04:04:53.960570,1100,SELL,12.83,290
04:04:53.960570,1101,SELL,12.83,140
04:04:53.960570,1102,SELL,12.83,10
04:04:53.960570,1103,SELL,12.83,10
04:04:53.960570,1104,SELL,12.83,282
04:05:09.684570,1105,BUY,12.84,807
04:05:54.245570,1106,SELL,12.83,752
04:05:54.245570,1107,SELL,12.83,200
04:05:54.245570,1108,SELL,12.83,807
04:05:54.245570,1109,SELL,12.83,1545
04:05:54.245570,1110,SELL,12.83,1696
04:05:54.263570,1111,SELL,12.83,213
04:05:54.263570,1112,SELL,12.83,500
04:05:54.263570,1113,SELL,12.83,1087
04:05:54.269570,1114,SELL,12.83,811
04:05:54.269570,1115,SELL,12.83,30
04:05:54.274570,1116,SELL,12.83,66
04:05:54.274570,1117,SELL,12.83,10
04:05:54.274570,1118,SELL,12.83,10
04:05:54.274570,1119,SELL,12.83,5
04:05:54.274570,1120,SELL,12.83,543
04:05:54.274570,1121,SELL,12.83,466
04:06:04.983570,1122,SELL,12.83,1800
04:06:04.983570,1123,SELL,12.83,1734
04:06:04.983570,1124,SELL,12.83,10
04:06:12.864570,1125,BUY,12.83,200
04:08:14.397570,1126,SELL,12.82,580
04:08:14.397570,1127,SELL,12.82,45
04:09:08.835570,1128,SELL,12.82,205
04:09:08.835570,1129,SELL,12.82,1000
04:09:08.835570,1130,SELL,12.82,100
04:09:08.835570,1131,SELL,12.82,1000
04:09:08.835570,1132,SELL,12.82,7695
04:09:08.909570,1133,BUY,12.83,100
04:10:09.552570,1134,BUY,12.83,25
04:12:05.580570,1135,BUY,12.83,25
04:14:00.611570,1136,BUY,12.83,25
04:15:16.022570,1137,SELL,12.82,730
04:15:16.038570,1138,SELL,12.82,6798
04:15:16.038570,1139,SELL,12.82,369
04:15:16.038570,1140,SELL,12.82,200
04:15:16.038570,1141,SELL,12.82,200
04:15:16.038570,1142,SELL,12.82,1060
04:15:16.038570,1143,SELL,12.82,10
04:15:16.038570,1144,SELL,12.82,10
04:15:16.038570,1145,SELL,12.82,5
04:15:16.038570,1146,SELL,12.82,543
04:15:16.038570,1147,SELL,12.82,103
04:15:16.038570,1148,SELL,12.82,1000
04:15:16.038570,1149,SELL,12.82,1715
04:15:16.038570,1150,SELL,12.82,807
04:15:26.034570,1151,BUY,12.82,200
04:16:24.535570,1152,SELL,12.81,90
04:16:24.535570,1153,SELL,12.81,501
04:16:46.001570,1154,SELL,12.81,1000
04:16:46.001570,1155,SELL,12.81,40
04:16:46.001570,1156,SELL,12.81,369
04:16:46.001570,1157,SELL,12.81,500
04:16:46.001570,1158,SELL,12.81,77
04:16:46.001570,1159,SELL,12.81,20
04:16:46.001570,1160,SELL,12.81,1350
04:16:46.001570,1161,SELL,12.81,200
04:16:46.001570,1162,SELL,12.81,5
04:16:46.001570,1163,SELL,12.81,1061
04:17:21.192570,1164,BUY,12.82,1000
04:17:31.712570,1165,BUY,12.82,10
04:17:46.170570,1166,SELL,12.81,300
04:17:46.170570,1167,SELL,12.81,20
04:17:46.170570,1168,SELL,12.81,1804
04:17:46.170570,1169,SELL,12.81,300
04:18:33.096570,1170,BUY,12.81,1800
04:18:33.096570,1171,BUY,12.81,1800
04:18:33.100570,1172,BUY,12.81,904
04:18:33.116570,1173,BUY,12.81,196
04:18:33.119570,1174,BUY,12.81,543
04:18:36.631570,1175,SELL,12.81,2000
04:20:25.798570,1176,SELL,12.8,400
04:20:25.798570,1177,SELL,12.8,78
04:20:25.798570,1178,SELL,12.8,100
04:20:25.798570,1179,SELL,12.8,200
04:20:25.798570,1180,SELL,12.8,100
04:20:25.798570,1181,SELL,12.8,22
04:20:25.798570,1182,SELL,12.8,58
04:20:25.798570,1183,SELL,12.8,42
04:21:14.682570,1184,SELL,12.8,347
04:21:14.682570,1185,SELL,12.8,100
04:21:14.682570,1186,SELL,12.8,2000
04:21:14.682570,1187,SELL,12.8,500
04:21:14.682570,1188,SELL,12.8,200
04:21:14.682570,1189,SELL,12.8,1000
04:21:14.682570,1190,SELL,12.8,200
04:21:14.682570,1191,SELL,12.8,369
04:21:14.682570,1192,SELL,12.8,100
04:21:14.682570,1193,SELL,12.8,500
04:21:14.682570,1194,SELL,12.8,800
04:21:14.682570,1195,SELL,12.8,150
04:21:14.682570,1196,SELL,12.8,500
04:21:14.682570,1197,SELL,12.8,3234
04:21:14.690570,1198,SELL,12.8,543
04:21:14.693570,1199,SELL,12.8,439
04:21:14.693570,1200,SELL,12.8,10
04:21:14.693570,1201,SELL,12.8,651
04:21:14.698570,1202,SELL,12.8,1504
04:21:14.698570,1203,SELL,12.8,10
04:21:14.698570,1204,SELL,12.8,286
04:21:14.698570,1205,SELL,12.8,599
04:21:14.698570,1206,SELL,12.8,5
04:21:14.698570,1207,SELL,12.8,200
04:21:23.302570,1208,BUY,12.8,100
04:21:26.249570,1209,SELL,12.78,1
04:21:29.243570,1210,SELL,12.78,1
04:21:31.984570,1211,SELL,12.78,1
04:21:40.812570,1212,SELL,12.78,58
04:21:40.812570,1213,SELL,12.78,80
04:21:40.812570,1214,SELL,12.78,300
04:21:40.812570,1215,SELL,12.78,400
04:21:40.812570,1216,SELL,12.78,20
04:21:40.812570,1217,SELL,12.78,837
04:21:40.812570,1218,SELL,12.78,5
04:21:40.830570,1219,SELL,12.78,830
04:22:01.170570,1220,BUY,12.79,3161
04:22:01.170570,1221,BUY,12.79,810
04:22:01.170570,1222,BUY,12.8,1000
04:22:01.170570,1223,BUY,12.8,6832
04:22:41.077570,1224,BUY,12.8,573
04:24:48.392570,1225,BUY,12.8,20
04:25:23.976570,1226,BUY,12.8,61
04:26:22.264570,1227,SELL,12.79,500
04:26:22.264570,1228,SELL,12.79,500
04:26:22.280570,1229,SELL,12.79,307
04:26:22.280570,1230,SELL,12.79,1825
04:26:22.280570,1231,SELL,12.79,1091
04:26:22.280570,1232,SELL,12.79,1668
04:26:22.299570,1233,SELL,12.79,825
04:26:22.317570,1234,SELL,12.79,521
04:28:32.537570,1235,BUY,12.8,632
04:28:43.288570,1236,SELL,12.79,300
04:29:35.871570,1237,SELL,12.79,700
04:29:35.871570,1238,SELL,12.79,950
04:29:35.871570,1239,SELL,12.79,575
04:29:40.406570,1240,BUY,12.79,800
04:29:57.194570,1241,BUY,12.79,250
04:31:01.691570,1242,BUY,12.79,605
04:31:01.691570,1243,BUY,12.79,776
04:31:01.691570,1244,BUY,12.79,2742
04:31:01.691570,1245,BUY,12.79,4206
04:31:01.691570,1246,BUY,12.79,613
04:31:01.691570,1247,BUY,12.79,771
04:31:01.696570,1248,BUY,12.79,613
04:31:11.807570,1249,BUY,12.8,1800
04:31:11.807570,1250,BUY,12.8,82
04:31:11.807570,1251,BUY,12.8,436
04:31:11.807570,1252,BUY,12.8,307
04:31:11.807570,1253,BUY,12.8,622
04:31:11.807570,1254,BUY,12.8,88
04:31:11.807570,1255,BUY,12.8,72
04:31:11.807570,1256,BUY,12.8,93
04:31:11.807570,1257,BUY,12.8,751
04:31:24.130570,1258,BUY,12.8,100
04:31:32.188570,1259,BUY,12.81,100
04:33:59.343570,1260,SELL,12.79,84
04:34:01.807570,1261,BUY,12.8,584
04:34:15.086570,1262,BUY,12.8,38
04:34:21.321570,1263,SELL,12.8,62
04:34:21.321570,1264,SELL,12.8,2
04:34:21.337570,1265,SELL,12.8,27
04:34:21.338570,1266,SELL,12.8,549
04:34:33.986570,1267,BUY,12.8,236
04:34:33.986570,1268,BUY,12.8,656
04:34:44.185570,1269,BUY,12.8,100
04:35:54.116570,1270,BUY,12.8,598
04:36:52.948570,1271,BUY,12.8,200
04:37:12.854570,1272,BUY,12.8,593
04:37:13.160570,1273,SELL,12.79,732
04:37:39.253570,1274,BUY,12.8,150
04:38:33.354570,1275,BUY,12.8,611
04:38:34.256570,1276,SELL,12.79,1184
04:38:34.256570,1277,SELL,12.79,250
04:38:34.256570,1278,SELL,12.79,579
04:38:34.256570,1279,SELL,12.79,1431
04:38:34.256570,1280,SELL,12.79,653
04:38:34.256570,1281,SELL,12.79,116
04:38:34.262570,1282,SELL,12.79,462
04:38:34.262570,1283,SELL,12.79,251
04:38:34.274570,1284,SELL,12.79,556
04:38:34.274570,1285,SELL,12.79,1000
04:38:50.115570,1286,BUY,12.79,500
04:40:46.138570,1287,SELL,12.78,3500
04:40:46.138570,1288,SELL,12.78,1000
04:40:46.138570,1289,SELL,12.78,200
04:40:46.138570,1290,SELL,12.78,369
04:40:46.138570,1291,SELL,12.78,576
04:40:56.925570,1292,BUY,12.78,100
04:41:06.646570,1293,BUY,12.78,900
04:41:10.362570,1294,BUY,12.78,255
04:41:10.362570,1295,BUY,12.78,349
04:42:45.759570,1296,SELL,12.78,733
04:43:00.124570,1297,BUY,12.79,400
04:43:26.258570,1298,BUY,12.79,208
04:43:37.662570,1299,BUY,12.79,584
04:44:25.675570,1300,BUY,12.79,244
04:44:25.675570,1301,BUY,12.79,656
04:44:47.081570,1302,BUY,12.79,707
04:44:47.081570,1303,BUY,12.79,393
04:44:47.086570,1304,BUY,12.79,169
04:44:47.086570,1305,BUY,12.79,406
04:44:55.242570,1306,BUY,12.79,562
04:44:55.242570,1307,BUY,12.79,32
04:44:55.258570,1308,BUY,12.79,463
04:46:14.999570,1309,BUY,12.79,265
04:46:14.999570,1310,BUY,12.79,198
04:46:14.999570,1311,BUY,12.79,150
04:46:15.986570,1312,SELL,12.78,267
04:46:15.986570,1313,SELL,12.78,532
04:47:33.143570,1314,BUY,12.79,434
04:47:33.143570,1315,BUY,12.79,897
04:47:33.241570,1316,SELL,12.79,914
04:47:46.201570,1317,SELL,12.79,100
04:48:47.982570,1318,BUY,12.8,604
04:50:07.619570,1319,BUY,12.8,614
04:51:02.245570,1320,SELL,12.79,731
04:51:26.828570,1321,BUY,12.8,610
04:52:06.001570,1322,BUY,12.8,300
04:52:43.203570,1323,BUY,12.8,587
04:53:43.755570,1324,BUY,12.8,2124
04:53:43.755570,1325,BUY,12.8,511
04:53:43.755570,1326,BUY,12.8,383
04:53:43.755570,1327,BUY,12.8,800
04:53:43.755570,1328,BUY,12.8,1167
04:53:43.776570,1329,SELL,12.8,2016
04:53:43.837570,1330,SELL,12.8,1520
04:53:43.856570,1331,SELL,12.8,651
04:53:53.632570,1332,BUY,12.81,611
04:54:00.862570,1333,BUY,12.81,1289
04:54:00.862570,1334,BUY,12.81,81
04:54:00.862570,1335,BUY,12.81,262
04:54:00.878570,1336,SELL,12.81,368
04:54:17.557570,1337,BUY,12.81,40
04:54:17.557570,1338,BUY,12.81,160
04:54:21.229570,1339,BUY,12.81,1170
04:54:21.229570,1340,BUY,12.81,730
04:54:31.375570,1341,BUY,12.81,1270
04:54:31.375570,1342,BUY,12.81,549
04:54:31.392570,1343,SELL,12.81,285
04:54:33.234570,1344,BUY,12.82,610
04:54:33.234570,1345,BUY,12.82,1000
04:54:33.234570,1346,BUY,12.83,1625
04:54:33.234570,1347,BUY,12.83,1119
04:54:33.356570,1348,SELL,12.81,2296
04:54:34.666570,1349,BUY,12.83,2220
04:54:54.872570,1350,BUY,12.83,429
04:54:54.872570,1351,BUY,12.84,290
04:54:54.872570,1352,BUY,12.85,88
04:54:55.293570,1353,BUY,12.83,780
04:55:13.093570,1354,SELL,12.81,100
04:55:18.684570,1355,SELL,12.81,1000
04:55:20.986570,1356,SELL,12.81,1000
04:55:23.100570,1357,SELL,12.81,625
04:55:25.229570,1358,SELL,12.81,270
04:56:15.853570,1359,BUY,12.85,613
04:57:38.114570,1360,BUY,12.85,626
04:59:32.887570,1361,BUY,12.85,588
05:00:51.662570,1362,BUY,12.85,606
05:02:02.134570,1363,BUY,12.85,479
05:02:02.134570,1364,BUY,12.85,300
05:02:02.134570,1365,BUY,12.85,1056
05:02:02.134570,1366,BUY,12.85,456
05:02:05.738570,1367,BUY,12.86,1
05:02:09.145570,1368,BUY,12.86,1
05:02:10.151570,1369,BUY,12.86,877
05:02:13.181570,1370,BUY,12.86,1
05:02:14.405570,1371,BUY,12.86,120
05:02:14.405570,1372,BUY,12.86,1000
05:02:14.423570,1373,SELL,12.86,729
05:02:18.247570,1374,BUY,12.87,1
05:02:26.497570,1375,SELL,12.86,2182
05:02:26.497570,1376,SELL,12.86,113
05:02:26.515570,1377,SELL,12.86,430
05:02:55.476570,1378,BUY,12.87,1999
05:02:55.476570,1379,BUY,12.87,603
05:02:55.476570,1380,BUY,12.87,1534
05:02:55.476570,1381,BUY,12.87,500
05:02:55.476570,1382,BUY,12.88,64
05:03:30.861570,1383,BUY,12.88,614
05:04:18.550570,1384,SELL,12.85,1000
05:04:18.550570,1385,SELL,12.85,582
05:04:18.550570,1386,SELL,12.85,2034
05:04:18.550570,1387,SELL,12.85,806
05:04:18.558570,1388,SELL,12.84,113
05:04:18.562570,1389,SELL,12.83,462
05:06:46.491570,1390,BUY,12.85,668
05:08:08.703570,1391,BUY,12.85,634
05:08:34.819570,1392,SELL,12.83,1238
05:08:34.819570,1393,SELL,12.83,1000
05:08:34.819570,1394,SELL,12.83,807
05:08:34.819570,1395,SELL,12.83,583
05:08:34.819570,1396,SELL,12.83,583
05:08:34.826570,1397,SELL,12.82,1100
05:09:34.431570,1398,BUY,12.83,5789
05:09:34.431570,1399,BUY,12.83,509
05:09:34.436570,1400,BUY,12.83,34
05:09:34.436570,1401,BUY,12.83,897
05:09:34.441570,1402,BUY,12.83,169
05:09:34.448570,1403,BUY,12.83,303
05:09:34.464570,1404,BUY,12.83,303
05:09:34.475570,1405,BUY,12.83,553
05:09:34.505570,1406,BUY,12.83,1100
05:09:53.693570,1407,BUY,12.83,1142
05:10:49.523570,1408,BUY,12.83,202
05:10:49.523570,1409,BUY,12.83,891
05:11:35.509570,1410,BUY,12.83,382
05:12:46.846570,1411,BUY,12.84,1900
05:13:15.193570,1412,BUY,12.84,617
05:14:33.283570,1413,BUY,12.84,603
05:15:42.592570,1414,BUY,12.84,100
05:15:49.912570,1415,BUY,12.84,592
05:15:51.472570,1416,BUY,12.84,393
05:15:51.472570,1417,BUY,12.84,488
05:15:51.472570,1418,BUY,12.84,1337
05:15:51.494570,1419,SELL,12.84,74
05:17:11.374570,1420,BUY,12.84,600
05:17:11.374570,1421,BUY,12.84,30
05:18:36.602570,1422,BUY,12.84,660
05:20:01.168570,1423,BUY,12.84,424
05:20:01.168570,1424,BUY,12.84,231
05:21:26.593570,1425,BUY,12.84,247
05:21:26.593570,1426,BUY,12.84,415
05:22:51.822570,1427,BUY,12.84,463
05:22:51.822570,1428,BUY,12.84,177
05:22:51.875570,1429,BUY,12.84,20
05:24:07.991570,1430,BUY,12.84,179
05:24:07.991570,1431,BUY,12.84,409
05:25:03.200570,1432,BUY,12.84,175
05:25:03.200570,1433,BUY,12.85,632
05:25:08.930570,1434,SELL,12.84,1100
05:25:08.934570,1435,SELL,12.84,1100
05:25:08.950570,1436,SELL,12.84,126
05:25:09.005570,1437,BUY,12.84,1214
05:25:09.005570,1438,BUY,12.85,83
05:25:09.038570,1439,BUY,12.84,89
05:25:24.232570,1440,BUY,12.85,590
05:25:24.295570,1441,BUY,12.85,1026
05:26:48.372570,1442,BUY,12.85,651
05:27:01.107570,1443,BUY,12.85,1294
05:27:01.107570,1444,BUY,12.85,1000
05:27:01.107570,1445,BUY,12.85,2295
05:27:01.449570,1446,BUY,12.85,1163
05:28:59.884570,1447,BUY,12.85,335
05:28:59.884570,1448,BUY,12.85,314
05:29:05.601570,1449,BUY,12.85,1093
05:29:05.601570,1450,BUY,12.85,396
05:29:05.601570,1451,BUY,12.85,1098
05:29:05.606570,1452,BUY,12.85,902
05:29:05.606570,1453,BUY,12.85,198
05:29:05.610570,1454,BUY,12.85,1400
05:29:10.572570,1455,BUY,12.85,1961
05:30:24.151570,1456,BUY,12.85,657
05:31:35.810570,1457,SELL,12.84,150
05:31:35.810570,1458,SELL,12.84,807
05:31:35.810570,1459,SELL,12.84,443
05:31:35.815570,1460,SELL,12.84,146
05:31:35.815570,1461,SELL,12.84,954
05:31:35.827570,1462,SELL,12.84,255
05:31:35.827570,1463,SELL,12.84,1508
05:31:35.837570,1464,SELL,12.84,528
05:31:35.837570,1465,SELL,12.84,1067
05:31:35.858570,1466,SELL,12.84,543
05:31:35.876570,1467,SELL,12.84,451
05:31:35.893570,1468,SELL,12.84,39
05:31:35.907570,1469,SELL,12.84,177
05:31:35.926570,1470,SELL,12.84,17
05:31:36.130570,1471,BUY,12.85,897
05:31:36.130570,1472,BUY,12.85,9103
05:31:36.147570,1473,BUY,12.85,897
05:32:49.928570,1474,BUY,12.85,4285
05:32:49.928570,1475,BUY,12.85,180
05:32:49.932570,1476,BUY,12.85,1100
05:32:49.946570,1477,BUY,12.85,720
05:32:49.946570,1478,BUY,12.85,380
05:32:50.013570,1479,BUY,12.85,862
05:33:05.310570,1480,BUY,12.87,662
05:34:27.420570,1481,BUY,12.86,80
05:34:27.452570,1482,BUY,12.86,284
05:34:27.466570,1483,SELL,12.86,34
05:34:27.469570,1484,SELL,12.86,242
05:35:47.912570,1485,BUY,12.86,104
05:35:47.912570,1486,BUY,12.86,516
05:37:14.867570,1487,BUY,12.86,679
05:38:13.610570,1488,BUY,12.86,1000
05:38:13.610570,1489,BUY,12.86,865
05:38:13.610570,1490,BUY,12.86,512
05:38:13.610570,1491,BUY,12.86,116
05:38:48.940570,1492,BUY,12.86,277
05:38:48.940570,1493,BUY,12.86,458
05:39:47.635570,1494,BUY,12.86,180
05:40:09.270570,1495,BUY,12.86,329
05:40:09.320570,1496,SELL,12.86,297
05:41:09.016570,1497,SELL,12.85,598
05:41:09.016570,1498,SELL,12.85,209
05:41:09.016570,1499,SELL,12.85,1898
05:41:09.016570,1500,SELL,12.85,300
05:41:09.016570,1501,SELL,12.85,117
05:41:09.016570,1502,SELL,12.85,2180
05:41:09.024570,1503,SELL,12.84,100
05:41:09.024570,1504,SELL,12.84,596
05:41:09.024570,1505,SELL,12.84,200
05:41:09.066570,1506,SELL,12.83,204
05:41:09.070570,1507,SELL,12.83,53
05:41:09.070570,1508,SELL,12.83,588
05:41:09.070570,1509,SELL,12.83,459
05:41:09.086570,1510,SELL,12.83,541
05:44:11.767570,1511,SELL,12.81,200
05:44:11.797570,1512,SELL,12.81,300
05:44:11.797570,1513,SELL,12.81,200
05:44:11.797570,1514,SELL,12.81,1000
05:44:11.797570,1515,SELL,12.81,468
05:44:11.803570,1516,BUY,12.83,100
05:44:52.702570,1517,BUY,12.85,654
05:46:23.715570,1518,BUY,12.84,683
05:46:23.730570,1519,BUY,12.84,517
05:46:23.731570,1520,BUY,12.84,1238
05:46:23.731570,1521,BUY,12.84,447
05:48:14.269570,1522,BUY,12.85,851
05:49:32.729570,1523,BUY,12.85,3193
05:49:32.729570,1524,BUY,12.85,1000
05:49:32.729570,1525,BUY,12.85,846
05:49:32.729570,1526,BUY,12.85,730
05:49:58.984570,1527,BUY,12.86,2574
05:50:02.005570,1528,BUY,12.86,1300
05:50:02.021570,1529,BUY,12.86,379
05:50:02.021570,1530,BUY,12.86,908
05:50:02.467570,1531,SELL,12.85,10000
05:50:07.423570,1532,BUY,12.87,201
05:50:07.423570,1533,BUY,12.87,729
05:50:07.423570,1534,BUY,12.87,2000
05:50:07.423570,1535,BUY,12.87,80
05:50:07.423570,1536,BUY,12.88,1264
05:50:07.423570,1537,BUY,12.88,113
05:50:25.194570,1538,BUY,12.88,713
05:51:56.372570,1539,BUY,12.87,80
05:51:56.372570,1540,BUY,12.87,80
05:51:56.439570,1541,SELL,12.87,543
05:52:28.763570,1542,BUY,12.86,1255
05:53:16.744570,1543,BUY,12.88,174
05:53:16.744570,1544,BUY,12.88,127
05:53:16.744570,1545,BUY,12.88,324
05:53:48.691570,1546,SELL,12.85,200
05:53:50.889570,1547,BUY,12.88,14
05:53:50.889570,1548,BUY,12.88,921
05:53:50.889570,1549,BUY,12.88,796
05:54:34.874570,1550,BUY,12.88,100
05:54:34.909570,1551,SELL,12.88,507
05:55:47.048570,1552,BUY,12.89,200
05:55:47.048570,1553,BUY,12.89,598
05:55:52.972570,1554,SELL,12.87,200
05:57:04.850570,1555,SELL,12.87,2000
05:57:09.763570,1556,BUY,12.88,629
05:57:20.718570,1557,BUY,12.88,371
05:57:20.724570,1558,SELL,12.88,662
05:58:16.109570,1559,SELL,12.87,2654
05:58:38.023570,1560,BUY,12.88,400
05:58:38.023570,1561,BUY,12.88,272
05:58:49.129570,1562,BUY,12.89,402
05:58:49.129570,1563,BUY,12.89,3990
05:58:49.129570,1564,BUY,12.89,275
05:59:59.290570,1565,BUY,12.88,619
06:01:23.720570,1566,BUY,12.88,381
06:01:23.720570,1567,BUY,12.88,261
06:02:46.334570,1568,BUY,12.88,497
06:02:46.334570,1569,BUY,12.88,132
06:03:02.737570,1570,SELL,12.86,604
06:03:02.737570,1571,SELL,12.86,608
06:04:21.700570,1572,SELL,12.85,10000
06:04:22.283570,1573,SELL,12.85,607
06:04:22.283570,1574,SELL,12.85,9518
06:04:22.299570,1575,SELL,12.85,482
06:07:47.077570,1576,SELL,12.83,1500
06:08:36.364570,1577,BUY,12.86,845
06:09:47.039570,1578,BUY,12.86,440
06:09:47.039570,1579,BUY,12.86,522
06:09:47.039570,1580,BUY,12.86,268
06:09:47.039570,1581,BUY,12.86,532
06:09:47.043570,1582,BUY,12.86,470
06:10:23.373570,1583,BUY,12.87,600
06:10:23.373570,1584,BUY,12.87,215
06:10:34.574570,1585,SELL,12.86,2654
06:11:40.611570,1586,SELL,12.86,1493
06:12:07.602570,1587,BUY,12.87,785
06:12:07.602570,1588,BUY,12.87,8
06:14:03.871570,1589,BUY,12.87,885
06:15:28.753570,1590,BUY,12.87,646
06:16:02.320570,1591,SELL,12.86,2458
06:17:00.552570,1592,BUY,12.87,445
06:17:00.552570,1593,BUY,12.87,253
06:18:31.302570,1594,BUY,12.87,691
06:20:04.866570,1595,BUY,12.88,500
06:20:04.866570,1596,BUY,12.88,212
06:20:29.177570,1597,SELL,12.86,2183
06:20:29.193570,1598,SELL,12.86,977
06:21:37.765570,1599,BUY,12.88,77
06:21:53.191570,1600,BUY,12.88,711
06:21:53.191570,1601,BUY,12.88,114
06:22:08.724570,1602,SELL,12.85,1
06:23:26.459570,1603,BUY,12.88,710
06:24:20.639570,1604,SELL,12.85,1
06:25:11.214570,1605,BUY,12.87,468
06:25:11.214570,1606,BUY,12.87,178
06:26:21.848570,1607,BUY,12.87,1549
06:26:21.848570,1608,BUY,12.87,2907
06:26:25.545570,1609,BUY,12.87,1171
06:26:25.545570,1610,BUY,12.87,1508
06:26:55.532570,1611,BUY,12.87,820
06:27:51.283570,1612,SELL,12.85,1
06:27:59.945570,1613,BUY,12.87,1003
06:28:27.997570,1614,SELL,12.85,1470
06:28:27.997570,1615,SELL,12.85,620
06:28:27.997570,1616,SELL,12.85,122
06:28:27.997570,1617,SELL,12.85,622
06:28:27.997570,1618,SELL,12.85,621
06:28:27.997570,1619,SELL,12.85,621
06:28:27.997570,1620,SELL,12.85,66
06:28:38.924570,1621,SELL,12.85,1524
06:28:38.924570,1622,SELL,12.85,3047
06:32:33.162570,1623,SELL,12.84,250
06:32:33.162570,1624,SELL,12.84,506
06:32:33.166570,1625,SELL,12.84,494
06:32:33.166570,1626,SELL,12.84,606
06:32:33.770570,1627,SELL,12.84,19
06:32:33.770570,1628,SELL,12.84,400
06:32:33.770570,1629,SELL,12.84,404
06:32:35.319570,1630,SELL,12.84,2600
06:32:35.320570,1631,SELL,12.84,1594
06:33:53.474570,1632,SELL,12.83,1500
06:33:53.474570,1633,SELL,12.83,478
06:35:31.694570,1634,BUY,12.84,100
06:35:31.709570,1635,BUY,12.84,42
06:36:53.383570,1636,BUY,12.85,1466
06:38:45.906570,1637,SELL,12.84,733
06:38:45.943570,1638,SELL,12.84,111
06:38:45.943570,1639,SELL,12.84,832
06:40:01.900570,1640,SELL,12.84,621
06:40:01.919570,1641,SELL,12.84,266
06:40:17.767570,1642,BUY,12.85,712
06:41:14.925570,1643,SELL,12.84,731
06:41:14.950570,1644,SELL,12.84,615
06:41:14.950570,1645,SELL,12.84,3
06:42:33.531570,1646,BUY,12.85,839
06:43:59.452570,1647,BUY,12.85,684
06:44:00.936570,1648,SELL,12.84,623
06:44:00.936570,1649,SELL,12.84,109
06:44:00.965570,1650,SELL,12.84,517
06:44:00.965570,1651,SELL,12.84,450
06:45:47.570570,1652,BUY,12.85,1585
06:46:22.956570,1653,SELL,12.84,732
06:46:22.981570,1654,SELL,12.84,759
06:46:22.981570,1655,SELL,12.84,234
06:47:05.238570,1656,SELL,12.84,392
06:47:05.238570,1657,SELL,12.84,916
06:47:05.238570,1658,SELL,12.84,625
06:47:05.238570,1659,SELL,12.84,45
06:47:05.262570,1660,SELL,12.84,581
06:47:05.262570,1661,SELL,12.84,267
06:47:05.279570,1662,SELL,12.84,358
06:47:05.279570,1663,SELL,12.84,4239
06:47:05.279570,1664,SELL,12.84,148
06:47:05.279570,1665,SELL,12.84,626
06:49:24.167570,1666,SELL,12.83,626
06:49:24.167570,1667,SELL,12.83,778
06:49:24.188570,1668,SELL,12.83,194
06:49:24.188570,1669,SELL,12.83,1901
06:49:24.188570,1670,SELL,12.83,206
06:49:24.210570,1671,SELL,12.83,421
06:49:24.228570,1672,BUY,12.83,181
06:49:24.283570,1673,BUY,12.83,865
06:49:24.315570,1674,BUY,12.83,371
06:49:47.330570,1675,BUY,12.84,168
06:50:24.727570,1676,BUY,12.83,100
06:50:24.769570,1677,BUY,12.83,115
06:51:47.050570,1678,SELL,12.82,100
06:51:47.050570,1679,SELL,12.82,247
06:52:46.865570,1680,SELL,12.82,747
06:52:46.880570,1681,SELL,12.82,420
06:53:37.353570,1682,BUY,12.84,17
06:53:37.353570,1683,BUY,12.84,790
06:53:41.255570,1684,BUY,12.84,3519
06:53:41.255570,1685,BUY,12.84,730
06:53:41.255570,1686,BUY,12.84,476
06:53:52.352570,1687,BUY,12.84,783
06:53:52.352570,1688,BUY,12.84,100
06:53:52.352570,1689,BUY,12.84,3111
06:53:52.352570,1690,BUY,12.84,821
06:53:58.535570,1691,BUY,12.84,589
06:53:58.535570,1692,BUY,12.84,511
06:53:58.551570,1693,BUY,12.84,283
06:53:58.567570,1694,BUY,12.84,337
06:53:58.601570,1695,BUY,12.84,159
06:55:20.386570,1696,BUY,12.85,784
06:56:06.021570,1697,SELL,12.84,50
06:56:06.021570,1698,SELL,12.84,681
06:56:06.025570,1699,SELL,12.84,242
06:56:06.025570,1700,SELL,12.84,627
06:57:50.655570,1701,SELL,12.83,525
06:57:50.670570,1702,SELL,12.83,557
06:57:50.670570,1703,SELL,12.83,627
06:57:50.670570,1704,SELL,12.83,157
06:57:50.690570,1705,SELL,12.83,296
06:58:45.240570,1706,SELL,12.83,174
06:58:45.240570,1707,SELL,12.83,80
06:58:45.240570,1708,SELL,12.83,329
06:58:45.254570,1709,SELL,12.83,328
06:59:27.589570,1710,BUY,12.84,628
06:59:27.606570,1711,BUY,12.84,116
06:59:27.606570,1712,BUY,12.84,1410
06:59:27.606570,1713,BUY,12.84,127
06:59:27.612570,1714,BUY,12.84,869
06:59:27.617570,1715,BUY,12.84,1200
06:59:29.278570,1716,BUY,12.84,645
06:59:29.278570,1717,BUY,12.84,849
06:59:29.278570,1718,BUY,12.84,824
07:01:15.249570,1719,BUY,12.84,819
07:03:22.820570,1720,BUY,12.84,847
07:03:22.820570,1721,BUY,12.84,422
07:03:22.820570,1722,BUY,12.84,1644
07:03:22.820570,1723,BUY,12.84,400
07:03:22.820570,1724,BUY,12.84,1036
07:03:26.793570,1725,BUY,12.84,264
07:03:26.793570,1726,BUY,12.84,737
07:03:59.180570,1727,BUY,12.84,784
07:03:59.180570,1728,BUY,12.84,1216
07:04:00.446570,1729,BUY,12.84,872
07:04:00.446570,1730,BUY,12.84,833
07:04:00.475570,1731,SELL,12.84,295
07:04:01.522570,1732,BUY,12.84,195
07:04:03.072570,1733,SELL,12.84,70
07:04:03.075570,1734,SELL,12.84,1100
07:04:03.079570,1735,SELL,12.84,100
07:04:03.082570,1736,SELL,12.84,535
07:04:03.535570,1737,BUY,12.84,658
07:04:03.664570,1738,BUY,12.84,358
07:04:03.683570,1739,SELL,12.84,210
07:04:55.417570,1740,BUY,12.84,118
07:04:55.417570,1741,BUY,12.84,132
07:05:21.981570,1742,BUY,12.84,877
07:05:47.160570,1743,SELL,12.83,4317
07:05:47.160570,1744,SELL,12.83,625
07:05:47.160570,1745,SELL,12.83,3453
07:05:47.160570,1746,SELL,12.83,3669
07:05:47.160570,1747,SELL,12.83,2166
07:05:47.165570,1748,SELL,12.83,565
07:05:47.177570,1749,SELL,12.83,1974
07:05:54.358570,1750,SELL,12.82,86
07:05:54.358570,1751,SELL,12.82,300
07:05:54.358570,1752,SELL,12.82,627
07:05:54.358570,1753,SELL,12.82,627
07:05:54.358570,1754,SELL,12.82,360
07:05:54.380570,1755,SELL,12.82,440
07:05:54.380570,1756,SELL,12.82,171
07:05:54.380570,1757,SELL,12.82,1162
07:05:56.380570,1758,SELL,12.81,292
07:05:56.380570,1759,SELL,12.81,100
07:05:56.380570,1760,SELL,12.81,1000
07:06:00.139570,1761,BUY,12.81,200
07:06:00.155570,1762,BUY,12.81,408
07:06:00.155570,1763,BUY,12.81,7117
07:06:00.178570,1764,BUY,12.81,1100
07:06:00.192570,1765,BUY,12.81,777
07:06:00.196570,1766,BUY,12.81,1200
07:06:03.722570,1767,BUY,12.81,283
07:06:03.722570,1768,BUY,12.81,377
07:06:03.740570,1769,SELL,12.81,212
07:06:03.756570,1770,BUY,12.82,583
07:06:07.281570,1771,BUY,12.82,328
07:07:16.585570,1772,SELL,12.81,2129
07:07:16.600570,1773,SELL,12.81,999
07:07:16.600570,1774,SELL,12.81,198
07:09:52.888570,1775,BUY,12.83,809
07:11:38.895570,1776,BUY,12.83,191
07:11:38.895570,1777,BUY,12.83,616
07:13:28.647570,1778,SELL,12.81,760
07:13:28.647570,1779,SELL,12.81,635
07:13:28.647570,1780,SELL,12.81,672
07:13:28.647570,1781,SELL,12.81,500
07:13:28.647570,1782,SELL,12.81,1233
07:13:28.673570,1783,SELL,12.81,51
07:13:45.920570,1784,SELL,12.81,998
07:13:45.920570,1785,SELL,12.81,202
07:13:45.926570,1786,SELL,12.81,434
07:13:45.926570,1787,SELL,12.81,636
07:13:45.926570,1788,SELL,12.81,30
07:13:45.937570,1789,SELL,12.81,327
07:13:45.937570,1790,SELL,12.81,200
07:13:45.937570,1791,SELL,12.81,636
07:15:36.053570,1792,SELL,12.8,1978
07:16:45.261570,1793,SELL,12.8,2022
07:16:45.261570,1794,SELL,12.8,5000
07:16:45.261570,1795,SELL,12.8,100
07:16:45.261570,1796,SELL,12.8,200
07:16:45.261570,1797,SELL,12.8,635
07:16:46.427570,1798,BUY,12.8,200
07:17:20.553570,1799,BUY,12.8,400
07:17:44.733570,1800,SELL,12.79,30
07:17:50.781570,1801,BUY,12.8,1100
07:18:41.066570,1802,BUY,12.8,343
07:18:41.066570,1803,BUY,12.8,57
07:19:15.382570,1804,SELL,12.79,1894
07:19:15.382570,1805,SELL,12.79,90
07:19:15.382570,1806,SELL,12.79,730
07:19:15.382570,1807,SELL,12.79,638
07:19:15.382570,1808,SELL,12.79,639
07:19:18.155570,1809,SELL,12.79,610
07:19:18.155570,1810,SELL,12.79,123
07:19:18.171570,1811,SELL,12.79,515
07:22:47.179570,1812,SELL,12.78,734
07:23:38.373570,1813,BUY,12.79,909
07:24:39.189570,1814,SELL,12.78,266
07:24:39.189570,1815,SELL,12.78,100
07:24:39.189570,1816,SELL,12.78,200
07:24:39.189570,1817,SELL,12.78,169
07:25:36.017570,1818,SELL,12.78,31
07:25:36.017570,1819,SELL,12.78,410
07:25:36.017570,1820,SELL,12.78,180
07:26:43.959570,1821,SELL,12.78,120
07:26:43.959570,1822,SELL,12.78,713
07:27:10.991570,1823,SELL,12.78,287
07:27:10.991570,1824,SELL,12.78,200
07:27:10.991570,1825,SELL,12.78,513
07:27:34.011570,1826,BUY,12.79,91
07:27:34.011570,1827,BUY,12.79,329
07:28:20.411570,1828,BUY,12.79,329
07:28:20.411570,1829,BUY,12.79,805
07:28:20.411570,1830,BUY,12.79,1866
07:28:20.427570,1831,BUY,12.79,2460
07:28:20.427570,1832,BUY,12.79,4266
07:28:20.427570,1833,BUY,12.79,347
07:28:20.427570,1834,BUY,12.79,736
07:28:20.434570,1835,BUY,12.8,843
07:28:20.434570,1836,BUY,12.8,257
07:28:20.438570,1837,BUY,12.8,1400
07:28:20.450570,1838,BUY,12.8,343
07:28:20.450570,1839,BUY,12.8,347
07:28:20.450570,1840,BUY,12.8,202
07:28:20.480570,1841,BUY,12.8,271
07:28:41.799570,1842,BUY,12.8,1040
07:28:41.799570,1843,BUY,12.8,1252
07:28:41.799570,1844,BUY,12.82,1961
07:33:19.766570,1845,BUY,12.81,400
07:33:24.102570,1846,SELL,12.8,500
07:33:43.899570,1847,BUY,12.8,400
07:33:47.363570,1848,BUY,12.8,120
07:33:48.037570,1849,BUY,12.8,400
07:34:01.707570,1850,BUY,12.8,100
07:34:39.760570,1851,BUY,12.8,500
07:34:49.247570,1852,SELL,12.79,114
07:34:49.247570,1853,SELL,12.79,621
07:35:33.533570,1854,SELL,12.79,200
07:36:34.482570,1855,BUY,12.8,1249
07:36:34.482570,1856,BUY,12.8,586
07:36:47.452570,1857,BUY,12.8,233
07:36:47.452570,1858,BUY,12.8,752
07:36:47.452570,1859,BUY,12.8,393
07:36:47.452570,1860,BUY,12.8,1979
07:36:47.452570,1861,BUY,12.8,100
07:36:47.452570,1862,BUY,12.81,1344
07:37:43.267570,1863,SELL,12.8,733
07:37:43.281570,1864,SELL,12.8,611
07:37:43.281570,1865,SELL,12.8,976
07:37:43.298570,1866,SELL,12.8,443
07:37:43.298570,1867,SELL,12.8,4657
07:37:43.298570,1868,SELL,12.8,1442
07:37:43.298570,1869,SELL,12.8,2758
07:37:43.447570,1870,SELL,12.79,500
07:37:43.447570,1871,SELL,12.79,900
07:37:43.451570,1872,SELL,12.79,261
07:37:43.451570,1873,SELL,12.79,200
07:37:43.451570,1874,SELL,12.79,185
07:38:10.819570,1875,BUY,12.8,400
07:38:17.283570,1876,BUY,12.8,5243
07:38:17.283570,1877,BUY,12.8,5021
07:38:17.283570,1878,BUY,12.8,551
07:38:17.283570,1879,BUY,12.8,4220
07:38:31.208570,1880,BUY,12.8,5508
07:38:31.208570,1881,BUY,12.81,256
07:38:31.208570,1882,BUY,12.81,930
07:38:31.232570,1883,BUY,12.8,668
07:39:25.804570,1884,BUY,12.83,438
07:39:25.836570,1885,BUY,12.83,245
07:40:00.070570,1886,BUY,12.83,1
07:40:00.115570,1887,SELL,12.83,22
07:40:00.118570,1888,SELL,12.83,629
07:40:45.345570,1889,BUY,12.83,366
07:40:45.345570,1890,BUY,12.83,634
07:41:34.830570,1891,BUY,12.83,1805
07:42:11.512570,1892,BUY,12.83,347
07:42:11.512570,1893,BUY,12.83,352
07:42:48.195570,1894,BUY,12.83,698
07:43:22.620570,1895,BUY,12.83,40
07:43:22.620570,1896,BUY,12.83,600
07:43:22.620570,1897,BUY,12.83,16
07:43:58.930570,1898,BUY,12.83,691
07:44:01.079570,1899,BUY,12.81,629
07:44:01.083570,1900,BUY,12.81,1100
07:44:01.099570,1901,BUY,12.81,249
07:44:13.721570,1902,BUY,12.81,1657
07:44:16.594570,1903,BUY,12.83,300
07:44:16.594570,1904,BUY,12.83,545
07:44:16.594570,1905,BUY,12.83,712
07:45:02.508570,1906,BUY,12.84,1211
07:45:37.089570,1907,BUY,12.84,659
07:46:18.299570,1908,BUY,12.84,778
07:47:24.782570,1909,BUY,12.84,679
07:47:56.225570,1910,SELL,12.83,200
07:48:34.406570,1911,BUY,12.84,688
07:49:17.062570,1912,BUY,12.84,280
07:49:17.062570,1913,BUY,12.84,564
07:49:50.695570,1914,BUY,12.84,80
07:49:50.695570,1915,BUY,12.84,789
07:49:50.695570,1916,BUY,12.84,920
07:49:57.528570,1917,BUY,12.84,165
07:49:57.528570,1918,BUY,12.84,633
07:50:31.135570,1919,BUY,12.84,367
07:50:31.135570,1920,BUY,12.84,287
07:51:05.135570,1921,BUY,12.84,548
07:51:05.187570,1922,SELL,12.84,118
07:51:53.223570,1923,BUY,12.85,964
07:52:27.303570,1924,BUY,12.85,670
07:53:22.470570,1925,BUY,12.85,691
07:53:59.883570,1926,BUY,12.85,175
07:53:59.883570,1927,BUY,12.85,575
07:54:35.499570,1928,BUY,12.85,713
07:55:18.597570,1929,BUY,12.85,872
07:55:53.022570,1930,BUY,12.85,689
07:56:28.169570,1931,BUY,12.85,705
07:57:02.642570,1932,BUY,12.85,692
07:57:25.635570,1933,BUY,12.85,100
07:57:46.019570,1934,BUY,12.85,654
07:57:46.019570,1935,BUY,12.85,226
07:58:23.573570,1936,BUY,12.85,602
07:58:23.573570,1937,BUY,12.85,155
07:59:05.324570,1938,BUY,12.85,516
07:59:05.324570,1939,BUY,12.85,435
07:59:05.341570,1940,BUY,12.85,200
07:59:22.042570,1941,BUY,12.85,256
07:59:31.949570,1942,BUY,12.85,900
07:59:35.362570,1943,SELL,12.84,900
07:59:44.974570,1944,BUY,12.85,800
08:00:19.113570,1945,BUY,12.85,684
08:00:52.742570,1946,BUY,12.85,675
08:01:26.430570,1947,BUY,12.85,676
08:02:00.236570,1948,BUY,12.85,374
08:02:00.236570,1949,BUY,12.85,305
08:02:13.413570,1950,SELL,12.84,734
08:02:32.650570,1951,BUY,12.85,650
08:03:08.499570,1952,BUY,12.85,722
08:03:25.493570,1953,BUY,12.85,350
08:03:27.317570,1954,BUY,12.85,2255
08:03:27.317570,1955,BUY,12.85,322
08:03:46.387570,1956,BUY,12.85,581
08:03:46.387570,1957,BUY,12.85,184
08:03:54.262570,1958,BUY,12.85,293
08:03:54.262570,1959,BUY,12.85,1741
08:04:01.421570,1960,SELL,12.84,730
08:04:22.998570,1961,BUY,12.85,738
08:05:01.379570,1962,BUY,12.85,776
08:05:05.556570,1963,SELL,12.84,140
08:05:09.640570,1964,BUY,12.85,694
08:05:34.902570,1965,BUY,12.85,375
08:05:34.902570,1966,BUY,12.85,299
08:06:02.430570,1967,SELL,12.84,732
08:06:27.387570,1968,BUY,12.85,601
08:06:27.387570,1969,BUY,12.85,116
08:06:35.209570,1970,BUY,12.85,497
08:06:35.209570,1971,BUY,12.85,239
08:07:07.878570,1972,BUY,12.85,61
08:07:08.027570,1973,SELL,12.85,588
08:07:27.954570,1974,SELL,12.85,512
08:07:27.970570,1975,SELL,12.85,138
08:08:09.183570,1976,BUY,12.86,1000
08:08:09.183570,1977,BUY,12.86,200
08:08:09.183570,1978,BUY,12.86,36
08:08:17.098570,1979,SELL,12.85,920
08:08:46.870570,1980,BUY,12.86,164
08:08:46.870570,1981,BUY,12.86,515
08:09:20.468570,1982,BUY,12.86,542
08:09:20.468570,1983,BUY,12.86,129
08:09:55.306570,1984,BUY,12.86,21
08:09:55.306570,1985,BUY,12.86,677
08:10:30.931570,1986,BUY,12.86,713
08:11:05.514570,1987,BUY,12.86,693
08:11:44.106570,1988,BUY,12.86,373
08:11:44.106570,1989,BUY,12.86,384
08:12:24.029570,1990,BUY,12.86,426
08:12:24.029570,1991,BUY,12.86,334
08:12:58.635570,1992,BUY,12.86,298
08:12:58.635570,1993,BUY,12.86,361
08:13:16.491570,1994,BUY,12.86,1048
08:13:16.491570,1995,BUY,12.86,632
08:14:07.235570,1996,SELL,12.86,1989
08:14:07.235570,1997,SELL,12.86,1145
08:14:07.235570,1998,SELL,12.86,1107
08:14:07.235570,1999,SELL,12.86,1526
08:14:07.235570,2000,SELL,12.86,1832
08:14:07.235570,2001,SELL,12.86,871
08:14:07.252570,2002,SELL,12.86,414
08:14:07.252570,2003,SELL,12.86,260
08:14:07.252570,2004,SELL,12.86,107
08:14:32.830570,2005,BUY,12.87,182
08:14:32.830570,2006,BUY,12.87,467
08:15:11.183570,2007,BUY,12.87,731
08:15:49.503570,2008,BUY,12.87,729
08:16:27.423570,2009,BUY,12.87,723
08:17:04.917570,2010,BUY,12.87,714
08:17:10.463570,2011,SELL,12.85,935
08:17:24.496570,2012,SELL,12.85,309
08:17:24.496570,2013,SELL,12.85,469
08:18:49.143570,2014,BUY,12.87,741
08:19:24.067570,2015,BUY,12.87,665
08:19:35.716570,2016,SELL,12.85,1811
08:19:44.517570,2017,SELL,12.85,1273
08:19:58.781570,2018,BUY,12.87,661
